Time,IndexTipX,IndexTipY,IndexTipZ,Trial
0.005145,-0.187205,5.408440,-1.129696,1
0.016275,-0.185340,5.409558,-1.126592,1
0.028523,-0.183627,5.413213,-1.118986,1
0.038806,-0.181176,5.415666,-1.113205,1
0.049477,-0.179375,5.417598,-1.106972,1
0.061007,-0.177457,5.420228,-1.101944,1
0.072094,-0.175784,5.420710,-1.098937,1
0.083385,-0.174695,5.422335,-1.094237,1
0.094204,-0.173981,5.422935,-1.091355,1
0.105588,-0.173953,5.423332,-1.089155,1
0.115840,-0.174204,5.423724,-1.087989,1
0.127266,-0.174228,5.424279,-1.086229,1
0.144344,-0.173413,5.425061,-1.084489,1
0.150605,-0.172873,5.426434,-1.082052,1
0.160444,-0.171544,5.428265,-1.078958,1
0.172125,-0.168661,5.430444,-1.075455,1
0.182776,-0.166870,5.432461,-1.072239,1
0.194163,-0.166040,5.434632,-1.068736,1
0.204701,-0.165334,5.437099,-1.065634,1
0.216398,-0.166061,5.439425,-1.062452,1
0.227829,-0.167796,5.441216,-1.059840,1
0.237715,-0.169979,5.442780,-1.056673,1
0.250642,-0.172179,5.444680,-1.053595,1
0.260532,-0.172831,5.446470,-1.050113,1
0.271883,-0.173856,5.448277,-1.045636,1
0.282904,-0.174216,5.450148,-1.041072,1
0.294232,-0.173992,5.452232,-1.037890,1
0.304933,-0.173546,5.453704,-1.034548,1
0.316222,-0.172834,5.456181,-1.031115,1
0.327622,-0.172998,5.458757,-1.027000,1
0.338326,-0.173163,5.461441,-1.022073,1
0.349836,-0.175442,5.463493,-1.018079,1
0.360767,-0.177685,5.465795,-1.012850,1
0.372091,-0.179793,5.468027,-1.007285,1
0.382147,-0.181708,5.469627,-1.001169,1
0.393834,-0.183752,5.470491,-0.995901,1
0.405219,-0.186068,5.470504,-0.991759,1
0.415636,-0.187364,5.470968,-0.986940,1
0.427367,-0.189686,5.469646,-0.981554,1
0.439250,-0.192400,5.467826,-0.977023,1
0.449525,-0.196261,5.465071,-0.972506,1
0.460296,-0.199162,5.461911,-0.968620,1
0.471980,-0.202518,5.457526,-0.965171,1
0.483621,-0.207974,5.452198,-0.960435,1
0.493988,-0.211628,5.449315,-0.957140,1
0.504527,-0.218031,5.446077,-0.950852,1
0.516736,-0.224483,5.442919,-0.945357,1
0.527272,-0.230355,5.438792,-0.938765,1
0.538153,-0.234778,5.435727,-0.932699,1
0.549890,-0.240062,5.431828,-0.924411,1
0.561042,-0.242613,5.428545,-0.916765,1
0.571870,-0.243908,5.426161,-0.909946,1
0.582393,-0.245096,5.422778,-0.900877,1
0.593801,-0.245911,5.419916,-0.894132,1
0.605138,-0.248283,5.416057,-0.884120,1
0.615799,-0.249088,5.412865,-0.877627,1
0.627309,-0.251510,5.408674,-0.868245,1
0.652613,-0.258222,5.400225,-0.856020,1
0.662190,-0.259781,5.398142,-0.848590,1
0.667918,-0.258298,5.398923,-0.840227,1
0.677395,-0.259345,5.397131,-0.832874,1
0.689156,-0.261164,5.393358,-0.823765,1
0.700074,-0.262590,5.389802,-0.815316,1
0.710869,-0.261372,5.388180,-0.807401,1
0.721626,-0.260692,5.385472,-0.797526,1
0.733697,-0.259427,5.383388,-0.788399,1
0.005134,-0.258096,5.379887,-0.777764,2
0.015748,-0.255575,5.378496,-0.770117,2
0.027228,-0.251890,5.375831,-0.762228,2
0.037841,-0.249114,5.374253,-0.754679,2
0.049068,-0.246774,5.372697,-0.748119,2
0.059647,-0.244049,5.371733,-0.744033,2
0.071105,-0.242928,5.370441,-0.739249,2
0.082081,-0.241948,5.368996,-0.736207,2
0.092615,-0.241288,5.368437,-0.733407,2
0.104352,-0.241009,5.367364,-0.731300,2
0.115359,-0.240318,5.366918,-0.728991,2
0.126178,-0.239473,5.366542,-0.726447,2
0.137032,-0.238662,5.366699,-0.723609,2
0.148418,-0.238475,5.366444,-0.721738,2
0.160036,-0.238718,5.366228,-0.719550,2
0.170483,-0.239790,5.366260,-0.718178,2
0.182195,-0.242202,5.366371,-0.716369,2
0.192755,-0.245501,5.366982,-0.713598,2
0.204206,-0.250096,5.367898,-0.710273,2
0.214743,-0.254887,5.368999,-0.705298,2
0.226264,-0.259059,5.370057,-0.699886,2
0.237558,-0.263988,5.371403,-0.692942,2
0.248852,-0.267062,5.373305,-0.684433,2
0.259430,-0.270130,5.375460,-0.675543,2
0.270866,-0.271944,5.377863,-0.665861,2
0.282310,-0.272895,5.380591,-0.656118,2
0.292740,-0.273374,5.383872,-0.644957,2
0.303972,-0.273155,5.387069,-0.633549,2
0.315209,-0.273232,5.390252,-0.621523,2
0.327148,-0.273826,5.393170,-0.607548,2
0.338042,-0.274973,5.396157,-0.593305,2
0.349388,-0.276059,5.398480,-0.578836,2
0.361649,-0.277199,5.400692,-0.562431,2
0.372356,-0.277984,5.402668,-0.545577,2
0.383818,-0.277556,5.403555,-0.527123,2
0.395763,-0.277903,5.403895,-0.507308,2
0.406016,-0.277568,5.403157,-0.486536,2
0.417744,-0.277774,5.402259,-0.467675,2
0.430343,-0.278351,5.399468,-0.448895,2
0.446722,-0.277623,5.395750,-0.430333,2
0.451836,-0.279363,5.396182,-0.417659,2
0.463422,-0.280969,5.393830,-0.401348,2
0.475110,-0.283591,5.391303,-0.386353,2
0.485991,-0.285905,5.388073,-0.370845,2
0.497215,-0.289071,5.385633,-0.356287,2
0.508701,-0.291193,5.381510,-0.342017,2
0.520257,-0.292099,5.376863,-0.327369,2
0.532435,-0.292774,5.371817,-0.314216,2
0.543612,-0.293474,5.365983,-0.302340,2
0.554457,-0.293516,5.362728,-0.291852,2
0.564610,-0.293350,5.358779,-0.281353,2
0.575925,-0.292985,5.353274,-0.269336,2
0.587370,-0.292143,5.344523,-0.256322,2
0.597921,-0.292062,5.340038,-0.248480,2
0.608962,-0.289684,5.335988,-0.238488,2
0.620483,-0.284554,5.331581,-0.226528,2
0.631267,-0.279732,5.326947,-0.217903,2
0.002086,-0.274631,5.318560,-0.207391,3
0.014269,-0.270798,5.310408,-0.200345,3
0.024978,-0.267947,5.303789,-0.194646,3
0.035874,-0.267510,5.299961,-0.189460,3
0.047362,-0.267429,5.296360,-0.184219,3
0.057791,-0.267126,5.293710,-0.179416,3
0.068960,-0.268006,5.290240,-0.175404,3
0.080295,-0.268756,5.287683,-0.171325,3
0.091281,-0.268842,5.285773,-0.167966,3
0.102163,-0.269579,5.282947,-0.164983,3
0.113465,-0.269211,5.280827,-0.161817,3
0.124435,-0.268874,5.278904,-0.158518,3
0.135654,-0.268656,5.277644,-0.156133,3
0.146389,-0.267555,5.276185,-0.153568,3
0.158225,-0.266646,5.274652,-0.151509,3
0.169305,-0.265975,5.273184,-0.149572,3
0.180260,-0.265968,5.272155,-0.146798,3
0.190852,-0.266783,5.271341,-0.144436,3
0.202428,-0.267206,5.270356,-0.142301,3
0.214030,-0.268751,5.269541,-0.140182,3
0.224609,-0.269634,5.268868,-0.138445,3
0.235692,-0.270779,5.268490,-0.137618,3
0.246728,-0.271079,5.268252,-0.136718,3
0.258009,-0.270729,5.268739,-0.136956,3
0.268611,-0.270664,5.269469,-0.136196,3
0.280123,-0.269261,5.270954,-0.134475,3
0.291016,-0.268493,5.272810,-0.134513,3
0.302272,-0.266711,5.275907,-0.134302,3
0.313297,-0.264476,5.278457,-0.133679,3
0.324546,-0.260031,5.282828,-0.133171,3
0.335748,-0.255236,5.287663,-0.132696,3
0.346220,-0.248978,5.293489,-0.131046,3
0.358133,-0.242048,5.300345,-0.128775,3
0.369456,-0.232990,5.307582,-0.123719,3
0.386976,-0.218106,5.317264,-0.116372,3
0.391907,-0.212127,5.319907,-0.111613,3
0.402414,-0.198417,5.325788,-0.105122,3
0.413933,-0.189712,5.333456,-0.101368,3
0.424693,-0.183449,5.346917,-0.103852,3
0.435727,-0.178162,5.357572,-0.106256,3
0.446892,-0.171394,5.366532,-0.110686,3
0.457825,-0.164882,5.372000,-0.114087,3
0.469220,-0.155727,5.380910,-0.117652,3
0.480130,-0.146989,5.387437,-0.118657,3
0.491086,-0.138958,5.392386,-0.118292,3
0.501912,-0.128744,5.397041,-0.117026,3
0.513439,-0.120209,5.401122,-0.116810,3
0.524144,-0.111579,5.405960,-0.115901,3
0.535296,-0.103298,5.410127,-0.114125,3
0.547201,-0.093199,5.414862,-0.112587,3
0.557748,-0.085294,5.418039,-0.110133,3
0.569056,-0.075494,5.421711,-0.108098,3
0.579693,-0.068974,5.424087,-0.105882,3
0.010923,-0.059864,5.426175,-0.104147,4
0.029010,-0.048517,5.428004,-0.102747,4
0.034273,-0.046493,5.428605,-0.098682,4
0.044734,-0.039435,5.429557,-0.094145,4
0.056065,-0.032686,5.429782,-0.090076,4
0.067352,-0.024490,5.429859,-0.086639,4
0.077859,-0.019552,5.429753,-0.083841,4
0.088607,-0.012334,5.429121,-0.082446,4
0.099829,-0.007314,5.428424,-0.082180,4
0.110772,-0.002420,5.427583,-0.082957,4
0.122517,0.001797,5.426610,-0.083992,4
0.132963,0.003877,5.425775,-0.085472,4
0.144294,0.006177,5.424566,-0.086367,4
0.155537,0.007629,5.423416,-0.087608,4
0.166230,0.009688,5.421925,-0.089289,4
0.178089,0.011559,5.420268,-0.090746,4
0.188657,0.014226,5.418736,-0.091720,4
0.199597,0.017795,5.417266,-0.092546,4
0.211143,0.021621,5.415008,-0.093803,4
0.222346,0.024533,5.413024,-0.093949,4
0.233414,0.026846,5.411736,-0.093867,4
0.245125,0.028763,5.409760,-0.093720,4
0.255790,0.030236,5.408136,-0.092544,4
0.266661,0.030785,5.406498,-0.090886,4
0.277762,0.030322,5.405143,-0.088755,4
0.289078,0.027882,5.403499,-0.087999,4
0.299701,0.025592,5.402677,-0.085427,4
0.311163,0.021685,5.401986,-0.083918,4
0.321622,0.018258,5.401813,-0.081236,4
0.333217,0.014343,5.401837,-0.078344,4
0.344540,0.009266,5.402312,-0.074822,4
0.355157,0.004540,5.402593,-0.071634,4
0.366789,-0.000651,5.403071,-0.068061,4
0.377443,-0.005691,5.404083,-0.064529,4
0.388709,-0.011938,5.405123,-0.061009,4
0.399315,-0.016189,5.405966,-0.056767,4
0.411186,-0.022300,5.407044,-0.054004,4
0.422232,-0.028098,5.408183,-0.048558,4
0.432811,-0.032256,5.408611,-0.043817,4
0.444427,-0.039474,5.409309,-0.038340,4
0.455741,-0.044267,5.409663,-0.032671,4
0.466607,-0.048927,5.409844,-0.027067,4
0.477570,-0.054068,5.410252,-0.021985,4
0.488692,-0.059428,5.410291,-0.016226,4
0.499994,-0.065132,5.410202,-0.010486,4
0.510963,-0.070823,5.409900,-0.004397,4
0.521926,-0.075956,5.409267,0.001313,4
0.533198,-0.081480,5.408742,0.007222,4
0.544363,-0.087596,5.407014,0.013483,4
0.555275,-0.091991,5.404620,0.017345,4
0.566982,-0.099129,5.401778,0.022386,4
0.577154,-0.103491,5.399392,0.025954,4
0.589039,-0.109996,5.395101,0.030045,4
0.599788,-0.114788,5.391508,0.033191,4
0.610945,-0.121755,5.387341,0.036479,4
0.622202,-0.129002,5.383244,0.038892,4
0.633336,-0.134421,5.379239,0.041612,4
0.643893,-0.141027,5.373614,0.045423,4
0.655419,-0.146016,5.368882,0.048486,4
0.666406,-0.152312,5.362500,0.051349,4
0.677169,-0.157667,5.357361,0.052193,4
0.688934,-0.164793,5.351197,0.053476,4
0.699878,-0.168689,5.346984,0.054100,4
0.711032,-0.173321,5.342354,0.054032,4
0.721788,-0.178535,5.337560,0.053108,4
0.732891,-0.183271,5.333761,0.052813,4
0.744097,-0.189371,5.328723,0.050599,4
0.755030,-0.194508,5.324636,0.048519,4
0.766499,-0.199506,5.319265,0.047965,4
0.778104,-0.202661,5.315389,0.047821,4
0.009014,-0.205704,5.310803,0.047942,5
0.020067,-0.207951,5.306672,0.048682,5
0.030689,-0.210062,5.303594,0.049064,5
0.042265,-0.212505,5.300002,0.050643,5
0.053052,-0.214348,5.297301,0.051756,5
0.064463,-0.216150,5.293715,0.053441,5
0.075275,-0.216878,5.291229,0.054331,5
0.086661,-0.218146,5.288116,0.055789,5
0.097154,-0.219123,5.285796,0.057016,5
0.108898,-0.220568,5.282683,0.058136,5
0.119435,-0.221437,5.280877,0.058078,5
0.131522,-0.221869,5.278824,0.058480,5
0.142279,-0.222539,5.276871,0.058790,5
0.152952,-0.221857,5.275722,0.058481,5
0.164094,-0.221769,5.274489,0.057982,5
0.174788,-0.221904,5.273733,0.056113,5
0.186285,-0.221666,5.273021,0.053665,5
0.197616,-0.222253,5.272777,0.049501,5
0.209045,-0.222842,5.272645,0.044244,5
0.219517,-0.223434,5.272670,0.035777,5
0.230463,-0.224922,5.272865,0.022631,5
0.241999,-0.226007,5.273077,0.004642,5
0.252791,-0.227514,5.273570,-0.012964,5
0.263507,-0.229740,5.274420,-0.036841,5
0.275344,-0.232625,5.275412,-0.062247,5
0.287097,-0.235622,5.276786,-0.090700,5
0.298299,-0.238614,5.277779,-0.122395,5
0.308104,-0.241270,5.279105,-0.155203,5
0.319666,-0.243784,5.280185,-0.190068,5
0.331186,-0.245854,5.282630,-0.227664,5
0.341788,-0.248013,5.284042,-0.265787,5
0.352750,-0.250280,5.285343,-0.302078,5
0.364566,-0.251272,5.289169,-0.338019,5
0.374733,-0.252351,5.290658,-0.371114,5
0.385953,-0.252222,5.294687,-0.405280,5
0.397819,-0.251290,5.297420,-0.437678,5
0.408537,-0.249582,5.301933,-0.470209,5
0.425578,-0.247222,5.309659,-0.503338,5
0.430335,-0.244399,5.307471,-0.530730,5
0.442135,-0.239024,5.312613,-0.560730,5
0.452296,-0.234897,5.314369,-0.589523,5
0.463835,-0.231285,5.319767,-0.617324,5
0.475248,-0.228183,5.324060,-0.642607,5
0.485914,-0.226418,5.329900,-0.667533,5
0.496887,-0.224719,5.333939,-0.692431,5
0.508809,-0.224300,5.340403,-0.717532,5
0.519790,-0.225968,5.344002,-0.739476,5
0.530659,-0.229063,5.350070,-0.760623,5
0.541998,-0.232026,5.356349,-0.780311,5
0.552784,-0.234908,5.361040,-0.798072,5
0.564048,-0.236080,5.366655,-0.816489,5
0.575074,-0.238760,5.370898,-0.832459,5
0.585876,-0.241290,5.377416,-0.848757,5
0.597890,-0.243341,5.384140,-0.862109,5
0.614440,-0.240348,5.395418,-0.878278,5
0.618971,-0.240166,5.396589,-0.885746,5
0.630148,-0.236144,5.404357,-0.896570,5
0.642281,-0.231064,5.412497,-0.904877,5
0.652174,-0.227054,5.418665,-0.911198,5
0.663605,-0.220337,5.427279,-0.917822,5
0.675168,-0.213869,5.433237,-0.922333,5
0.685977,-0.206827,5.438632,-0.926553,5
0.696952,-0.199994,5.443561,-0.928208,5
0.708456,-0.191845,5.448843,-0.931612,5
0.719095,-0.186262,5.452806,-0.932347,5
0.729941,-0.179588,5.457809,-0.932989,5
0.001480,-0.174694,5.461694,-0.934508,6
0.019138,-0.168877,5.466223,-0.935238,6
0.024324,-0.166109,5.468013,-0.934701,6
0.034898,-0.162493,5.470250,-0.934446,6
0.046012,-0.158124,5.473309,-0.934981,6
0.057536,-0.154510,5.474767,-0.935008,6
0.067674,-0.151767,5.476316,-0.934603,6
0.079392,-0.150000,5.477212,-0.935187,6
0.092002,-0.147922,5.478364,-0.935976,6
0.101623,-0.146499,5.478572,-0.937464,6
0.111726,-0.144481,5.478799,-0.938366,6
0.123654,-0.142255,5.479499,-0.938672,6
0.135090,-0.140407,5.479535,-0.939187,6
0.145418,-0.138361,5.480169,-0.938717,6
0.156860,-0.136480,5.480943,-0.938326,6
0.168127,-0.135989,5.482311,-0.937035,6
0.178689,-0.137103,5.483899,-0.934111,6
0.189694,-0.138595,5.485440,-0.931142,6
0.201215,-0.140929,5.487099,-0.927390,6
0.212314,-0.143667,5.488219,-0.925035,6
0.223445,-0.146572,5.488971,-0.922479,6
0.235180,-0.150236,5.489028,-0.921286,6
0.251919,-0.152852,5.489252,-0.919461,6
0.257381,-0.156711,5.489717,-0.917430,6
0.268382,-0.159262,5.490267,-0.915394,6
0.278871,-0.160995,5.490635,-0.914451,6
0.290683,-0.162068,5.490593,-0.914931,6
0.301885,-0.161698,5.489673,-0.916895,6
0.312078,-0.161974,5.489086,-0.918756,6
0.324017,-0.161159,5.488068,-0.921091,6
0.335186,-0.161315,5.486653,-0.923731,6
0.345278,-0.161187,5.485777,-0.925944,6
0.357159,-0.161610,5.485066,-0.928013,6
0.368207,-0.160745,5.485259,-0.929201,6
0.385464,-0.157501,5.485544,-0.930057,6
0.391159,-0.159052,5.485411,-0.930693,6
0.400948,-0.156705,5.485035,-0.931638,6
0.412680,-0.153647,5.485013,-0.932850,6
0.423345,-0.148196,5.485559,-0.933631,6
0.434697,-0.140696,5.486271,-0.934320,6
0.445560,-0.131930,5.487280,-0.934652,6
0.457463,-0.122126,5.487914,-0.936188,6
0.467422,-0.111348,5.487411,-0.939007,6
0.478835,-0.101130,5.486302,-0.942801,6
0.490532,-0.086437,5.485126,-0.945803,6
0.500676,-0.073208,5.484117,-0.948442,6
0.512262,-0.057293,5.483821,-0.948643,6
0.523317,-0.042394,5.483800,-0.947933,6
0.534568,-0.031551,5.483907,-0.945654,6
0.544863,-0.021477,5.483047,-0.943674,6
0.557417,-0.013918,5.482042,-0.942799,6
0.568371,-0.007887,5.482104,-0.941327,6
0.578665,-0.005206,5.481499,-0.941922,6
0.590212,-0.001949,5.480909,-0.942647,6
0.601295,-0.000114,5.480456,-0.943731,6
0.612113,0.001101,5.480075,-0.944853,6
0.622857,0.002344,5.479735,-0.946024,6
0.634548,0.002968,5.479731,-0.946523,6
0.645374,0.003808,5.479212,-0.947844,6
0.656891,0.004137,5.478755,-0.948822,6
0.674863,0.005813,5.478155,-0.949458,6
0.679416,0.003499,5.478041,-0.949183,6
0.690556,0.001996,5.477633,-0.949181,6
0.700934,-0.000914,5.477746,-0.947810,6
0.712631,-0.004479,5.477767,-0.947016,6
0.723822,-0.006566,5.477927,-0.945531,6
0.734089,-0.007195,5.478133,-0.944498,6
0.745392,-0.007221,5.478992,-0.942536,6
0.756745,-0.006143,5.480212,-0.939578,6
0.768167,-0.005092,5.481252,-0.937379,6
0.778572,-0.004554,5.481890,-0.936095,6
0.790659,-0.004750,5.482509,-0.935322,6
0.801680,-0.004451,5.483540,-0.934372,6
0.812550,-0.003153,5.484473,-0.934118,6
0.822894,-0.002334,5.485620,-0.933414,6
0.835539,-0.001772,5.486984,-0.932293,6
0.845442,-0.001105,5.487794,-0.931617,6
0.856846,-0.000726,5.488270,-0.930955,6
0.008361,0.000443,5.488501,-0.931242,7
0.019128,0.002423,5.488434,-0.932570,7
0.031097,0.003580,5.488140,-0.935141,7
0.040553,0.003944,5.487270,-0.939203,7
0.052165,0.003045,5.486252,-0.944053,7
0.069042,0.002180,5.485471,-0.949067,7
0.074497,0.003613,5.484313,-0.953215,7
0.085769,0.005291,5.483251,-0.957651,7
0.096781,0.007286,5.481921,-0.961000,7
0.107808,0.010222,5.479809,-0.965146,7
0.118240,0.012353,5.477469,-0.969691,7
0.130253,0.014272,5.475500,-0.973472,7
0.141312,0.015239,5.473739,-0.976320,7
0.152023,0.016008,5.471894,-0.978971,7
0.163577,0.016455,5.470961,-0.978358,7
0.174650,0.016615,5.470776,-0.977209,7
0.185563,0.016214,5.471056,-0.975557,7
0.196339,0.012335,5.471486,-0.972746,7
0.208331,0.006404,5.472058,-0.970045,7
0.218824,0.000847,5.472144,-0.969010,7
0.230714,-0.004265,5.472843,-0.966757,7
0.240994,-0.006893,5.473676,-0.964928,7
0.252447,-0.008173,5.475026,-0.962370,7
0.263872,-0.009344,5.476258,-0.959617,7
0.274323,-0.011897,5.477615,-0.957001,7
0.285558,-0.015256,5.478997,-0.954581,7
0.296657,-0.018858,5.480130,-0.953537,7
0.307616,-0.023043,5.481417,-0.952758,7
0.318519,-0.024794,5.483147,-0.952511,7
0.330562,-0.028785,5.484948,-0.952535,7
0.341311,-0.032952,5.486996,-0.953478,7
0.351829,-0.038282,5.488500,-0.954018,7
0.363849,-0.047990,5.489388,-0.957057,7
0.374616,-0.055608,5.489963,-0.958871,7
0.385243,-0.065885,5.490496,-0.962363,7
0.396380,-0.075519,5.490658,-0.965843,7
0.408075,-0.086037,5.490359,-0.970016,7
0.418803,-0.094472,5.490039,-0.973676,7
0.430256,-0.105147,5.488847,-0.979057,7
0.440602,-0.113835,5.487818,-0.983670,7
0.452352,-0.121819,5.487010,-0.987885,7
0.464399,-0.132043,5.486079,-0.992303,7
0.473779,-0.138140,5.484973,-0.995273,7
0.485508,-0.146370,5.483425,-0.998443,7
0.497375,-0.152074,5.482577,-1.000618,7
0.007335,-0.157395,5.481573,-1.001918,8
0.018242,-0.161869,5.480783,-1.002559,8
0.029885,-0.168042,5.479360,-1.003673,8
0.040888,-0.173775,5.477577,-1.005588,8
0.051419,-0.179204,5.476258,-1.006839,8
0.064702,-0.187703,5.474205,-1.008154,8
0.073896,-0.191739,5.473001,-1.008695,8
0.085726,-0.197174,5.471322,-1.008154,8
0.096697,-0.201236,5.469606,-1.008103,8
0.107362,-0.206292,5.468048,-1.007270,8
0.119087,-0.209473,5.467417,-1.006013,8
0.129908,-0.212608,5.466199,-1.006432,8
0.141208,-0.215573,5.465121,-1.005986,8
0.152206,-0.218292,5.463734,-1.006183,8
0.169436,-0.221564,5.462415,-1.005736,8
0.173609,-0.223076,5.461823,-1.006538,8
0.184267,-0.226295,5.461290,-1.005748,8
0.196603,-0.229339,5.460357,-1.004790,8
0.207514,-0.232308,5.459711,-1.003614,8
0.217981,-0.234828,5.459410,-1.002329,8
0.229851,-0.237868,5.459164,-1.001010,8
0.240546,-0.239089,5.459226,-0.999265,8
0.251295,-0.241437,5.459502,-0.997397,8
0.263295,-0.242481,5.460106,-0.994708,8
0.273902,-0.242981,5.460498,-0.992726,8
0.284474,-0.241986,5.460957,-0.990805,8
0.296209,-0.240723,5.461655,-0.988253,8
0.307280,-0.239310,5.462758,-0.985108,8
0.318234,-0.239366,5.464282,-0.981820,8
0.329299,-0.238577,5.465633,-0.978145,8
0.340860,-0.238861,5.467240,-0.973943,8
0.351597,-0.239265,5.468540,-0.969931,8
0.363209,-0.240376,5.469696,-0.965869,8
0.373425,-0.243209,5.470799,-0.961821,8
0.384639,-0.245852,5.472865,-0.955325,8
0.396990,-0.247930,5.475367,-0.947281,8
0.406807,-0.249656,5.477990,-0.937118,8
0.418729,-0.251669,5.480624,-0.925378,8
0.429743,-0.253649,5.483500,-0.912209,8
0.440332,-0.258787,5.486271,-0.897316,8
0.451222,-0.264210,5.489275,-0.880217,8
0.463174,-0.269702,5.491506,-0.862582,8
0.473928,-0.273704,5.495166,-0.841992,8
0.484562,-0.276219,5.498807,-0.820716,8
0.496948,-0.275586,5.502101,-0.799147,8
0.507034,-0.272403,5.505601,-0.778544,8
0.517791,-0.268431,5.509139,-0.758060,8
0.529339,-0.261209,5.512021,-0.738399,8
0.540293,-0.253979,5.514551,-0.719121,8
0.551532,-0.246909,5.517409,-0.699260,8
0.568081,-0.237690,5.517725,-0.680450,8
0.572941,-0.234396,5.521533,-0.659813,8
0.584687,-0.230036,5.521242,-0.642818,8
0.596541,-0.225850,5.521672,-0.626694,8
0.606852,-0.222040,5.521656,-0.610968,8
0.618296,-0.219041,5.521964,-0.594367,8
0.630007,-0.213310,5.521116,-0.577389,8
0.640623,-0.209249,5.520140,-0.560439,8
0.655937,-0.204603,5.518906,-0.543384,8
0.662934,-0.201559,5.519511,-0.529035,8
0.673242,-0.199961,5.519606,-0.515670,8
0.684673,-0.197920,5.518088,-0.505175,8
0.695921,-0.197935,5.517365,-0.494144,8
0.706650,-0.199473,5.515671,-0.483586,8
0.718267,-0.199652,5.514977,-0.472672,8
0.728971,-0.199605,5.513812,-0.460813,8
0.740105,-0.199633,5.512677,-0.450693,8
0.756434,-0.200415,5.510544,-0.439707,8
0.763387,-0.204313,5.510071,-0.429881,8
0.772984,-0.210676,5.509141,-0.421167,8
0.784624,-0.217060,5.507433,-0.413227,8
0.796023,-0.224312,5.505834,-0.408562,8
0.806934,-0.230596,5.504242,-0.404172,8
0.817400,-0.237203,5.503025,-0.401047,8
0.829333,-0.245183,5.500922,-0.401713,8
0.840541,-0.252497,5.499580,-0.404183,8
0.851040,-0.262447,5.498562,-0.406082,8
0.862996,-0.271942,5.497578,-0.410718,8
0.873760,-0.284221,5.496938,-0.414838,8
0.884495,-0.296123,5.495872,-0.421600,8
0.896561,-0.307906,5.495614,-0.428218,8
0.907184,-0.317523,5.496190,-0.434742,8
0.923542,-0.325318,5.498471,-0.445622,8
0.929510,-0.335366,5.498799,-0.448119,8
0.940332,-0.342983,5.500744,-0.457053,8
0.951256,-0.351836,5.501119,-0.466662,8
0.963689,-0.356135,5.503260,-0.482278,8
0.973386,-0.364452,5.503411,-0.492718,8
0.984785,-0.369276,5.504545,-0.511555,8
0.997163,-0.373608,5.504959,-0.526179,8
1.007259,-0.379842,5.504671,-0.542264,8
1.017784,-0.384362,5.503642,-0.558211,8
1.029721,-0.385716,5.502328,-0.577924,8
1.040281,-0.386601,5.499871,-0.596247,8
1.051319,-0.388433,5.495226,-0.614049,8
1.063111,-0.389948,5.489939,-0.632035,8
1.073698,-0.392202,5.485618,-0.645553,8
1.083986,-0.394225,5.480458,-0.660524,8
1.096398,-0.394354,5.475390,-0.674896,8
1.106915,-0.393081,5.470093,-0.687974,8
1.117594,-0.393620,5.465322,-0.698933,8
1.130120,-0.390550,5.458417,-0.713862,8
1.140198,-0.387031,5.452935,-0.725440,8
1.151202,-0.385951,5.447608,-0.734652,8
1.162472,-0.381750,5.441656,-0.745864,8
1.173584,-0.379463,5.436492,-0.753469,8
1.184896,-0.374864,5.430239,-0.763014,8
1.196223,-0.372152,5.425383,-0.769756,8
1.207061,-0.368881,5.419787,-0.775906,8
1.217289,-0.368269,5.416079,-0.779746,8
0.010049,-0.366543,5.410042,-0.785686,9
0.020505,-0.366082,5.405825,-0.790639,9
0.030680,-0.366346,5.402403,-0.794820,9
0.042715,-0.366716,5.398591,-0.799711,9
0.053580,-0.367484,5.396516,-0.803152,9
0.064456,-0.368600,5.394694,-0.806906,9
0.076409,-0.368997,5.393458,-0.808738,9
0.087942,-0.369967,5.392414,-0.811565,9
0.097568,-0.369187,5.392150,-0.813119,9
0.115402,-0.368518,5.392107,-0.814591,9
0.119929,-0.366318,5.391861,-0.816375,9
0.131457,-0.363546,5.392419,-0.817803,9
0.142829,-0.361038,5.393267,-0.818223,9
0.153370,-0.358330,5.393634,-0.819380,9
0.165579,-0.355549,5.394036,-0.821196,9
0.176039,-0.352768,5.394544,-0.822198,9
0.187821,-0.350171,5.395568,-0.822325,9
0.197581,-0.347298,5.396463,-0.823145,9
0.209262,-0.344788,5.397852,-0.823335,9
0.219400,-0.342308,5.398760,-0.823293,9
0.231125,-0.340608,5.400350,-0.822729,9
0.242736,-0.339680,5.402468,-0.822148,9
0.253070,-0.337733,5.403977,-0.822160,9
0.264304,-0.336592,5.406603,-0.821647,9
0.276351,-0.335883,5.408628,-0.820601,9
0.286235,-0.336451,5.411139,-0.818602,9
0.297315,-0.336887,5.412719,-0.817834,9
0.309709,-0.338489,5.415407,-0.814898,9
0.320544,-0.339376,5.418001,-0.813123,9
0.331001,-0.339558,5.420371,-0.811176,9
0.343001,-0.339894,5.423886,-0.807942,9
0.353060,-0.338783,5.426332,-0.806353,9
0.364364,-0.336595,5.428601,-0.804745,9
0.375609,-0.331544,5.430569,-0.804202,9
0.386776,-0.325400,5.432841,-0.802790,9
0.398387,-0.315945,5.435066,-0.802132,9
0.409099,-0.305707,5.437061,-0.801632,9
0.419849,-0.290930,5.439542,-0.801227,9
0.430825,-0.276015,5.443020,-0.799106,9
0.443266,-0.259065,5.446994,-0.793995,9
0.452946,-0.236708,5.451987,-0.787744,9
0.464649,-0.210798,5.458898,-0.776896,9
0.476825,-0.182996,5.465186,-0.764508,9
0.486334,-0.156319,5.471574,-0.752280,9
0.497005,-0.126996,5.480416,-0.732023,9
0.509756,-0.104275,5.490791,-0.708677,9
0.526656,-0.081674,5.498790,-0.688916,9
0.531036,-0.058232,5.505515,-0.670047,9
0.542276,-0.041275,5.514627,-0.643197,9
0.552962,-0.026662,5.522713,-0.618978,9
0.564370,-0.017004,5.531112,-0.592415,9
0.575434,-0.008736,5.538782,-0.567940,9
0.586345,-0.003795,5.546758,-0.542230,9
0.597755,0.002029,5.553180,-0.519417,9
0.614828,0.003820,5.559853,-0.494115,9
0.619340,0.013674,5.563695,-0.475386,9
0.631093,0.016673,5.568953,-0.454381,9
0.643190,0.021097,5.572590,-0.436693,9
0.652777,0.026707,5.575709,-0.425047,9
0.664472,0.029266,5.578806,-0.417243,9
0.675968,0.032102,5.580753,-0.414253,9
0.687677,0.032500,5.582163,-0.414374,9
0.702555,0.031864,5.583360,-0.416543,9
0.712078,0.035049,5.583091,-0.419497,9
0.730108,0.029527,5.579901,-0.424032,9
0.735115,0.035090,5.578606,-0.428522,9
0.962177,-0.034053,5.551735,-0.431274,9
0.972921,-0.038755,5.551113,-0.432817,9
0.984450,-0.050828,5.548732,-0.433211,9
0.995324,-0.059356,5.545986,-0.429623,9
1.006474,-0.070657,5.541875,-0.424704,9
1.017036,-0.078112,5.538738,-0.420717,9
1.028829,-0.089880,5.534744,-0.413489,9
1.040312,-0.099164,5.529016,-0.407916,9
1.050886,-0.106093,5.524092,-0.403373,9
1.067120,-0.120999,5.514829,-0.394307,9
1.072845,-0.122299,5.512651,-0.391640,9
1.084984,-0.131425,5.505333,-0.384306,9
1.095496,-0.137663,5.500591,-0.379095,9
1.107115,-0.149019,5.491858,-0.371254,9
1.118210,-0.154251,5.486041,-0.368204,9
1.129608,-0.162176,5.478379,-0.361332,9
1.140713,-0.168470,5.471073,-0.356292,9
1.151870,-0.172414,5.464864,-0.351390,9
1.163463,-0.177160,5.457170,-0.344453,9
1.174152,-0.179969,5.451453,-0.339774,9
1.185428,-0.183975,5.445379,-0.335029,9
1.197104,-0.187335,5.441439,-0.331946,9
0.008242,-0.191599,5.436739,-0.326769,10
0.019401,-0.194378,5.434914,-0.324266,10
0.030960,-0.197686,5.432733,-0.321176,10
0.042269,-0.201102,5.430599,-0.320181,10
0.053764,-0.204397,5.428809,-0.319855,10
0.064320,-0.207531,5.427161,-0.320363,10
0.076050,-0.210536,5.425756,-0.321364,10
0.085953,-0.213725,5.424898,-0.322295,10
0.097577,-0.216235,5.424472,-0.322804,10
0.109488,-0.218359,5.423832,-0.323801,10
0.119493,-0.219639,5.423693,-0.324188,10
0.130592,-0.221405,5.423614,-0.324962,10
0.142451,-0.222466,5.423954,-0.325203,10
0.152967,-0.223802,5.424667,-0.325444,10
0.164054,-0.224663,5.425498,-0.325313,10
0.176202,-0.225519,5.426669,-0.324082,10
0.186515,-0.226420,5.427821,-0.322230,10
0.197365,-0.227848,5.428839,-0.319648,10
0.208512,-0.229114,5.429652,-0.316556,10
0.219525,-0.230708,5.430727,-0.312626,10
0.230808,-0.232036,5.431637,-0.308222,10
0.242102,-0.234156,5.432224,-0.302390,10
0.253146,-0.235531,5.432790,-0.297194,10
0.264177,-0.236368,5.433545,-0.291052,10
0.275692,-0.237446,5.434235,-0.284982,10
0.285841,-0.237688,5.434938,-0.279093,10
0.297341,-0.238272,5.435760,-0.271975,10
0.309017,-0.238108,5.436874,-0.264641,10
0.319603,-0.238440,5.438165,-0.255870,10
0.330781,-0.237773,5.440279,-0.245981,10
0.341981,-0.237330,5.441973,-0.236626,10
0.353478,-0.235864,5.443624,-0.226297,10
0.364066,-0.234574,5.444753,-0.217138,10
0.376748,-0.232485,5.445409,-0.207690,10
0.386287,-0.230486,5.445774,-0.199566,10
0.397215,-0.228953,5.446073,-0.189368,10
0.408981,-0.227423,5.445640,-0.179717,10
0.419429,-0.226879,5.444795,-0.169489,10
0.430697,-0.225850,5.443579,-0.159989,10
0.447768,-0.223261,5.439162,-0.152909,10
0.453446,-0.223584,5.438122,-0.144224,10
0.463885,-0.223280,5.434362,-0.136012,10
0.475921,-0.222728,5.429044,-0.129485,10
0.486219,-0.223623,5.423144,-0.122270,10
0.497432,-0.224287,5.417095,-0.114511,10
0.509212,-0.225610,5.407798,-0.106540,10
0.519509,-0.226998,5.401248,-0.098671,10
0.530570,-0.227336,5.390047,-0.089488,10
0.542167,-0.227809,5.379134,-0.080214,10
0.553229,-0.228492,5.371069,-0.071506,10
0.563319,-0.228682,5.362589,-0.061648,10
0.575502,-0.227904,5.354405,-0.051395,10
0.586201,-0.226131,5.347923,-0.040772,10
0.597356,-0.224940,5.341948,-0.031308,10
0.608985,-0.223985,5.333999,-0.021292,10
0.619466,-0.224301,5.330024,-0.015778,10
0.630782,-0.223901,5.321851,-0.007676,10
0.641905,-0.223837,5.316318,-0.001574,10
0.652633,-0.223972,5.311637,0.003482,10
0.003770,-0.223591,5.306800,0.009058,11
0.015614,-0.223339,5.303769,0.012993,11
0.026203,-0.222830,5.300529,0.016083,11
0.036834,-0.222748,5.298281,0.018340,11
0.049069,-0.222806,5.295620,0.019994,11
0.058931,-0.222784,5.293955,0.021523,11
0.070503,-0.222345,5.291356,0.023957,11
0.082109,-0.222145,5.289157,0.026106,11
0.092707,-0.222112,5.288051,0.027224,11
0.103406,-0.222283,5.287043,0.029998,11
0.114945,-0.222328,5.286440,0.032082,11
0.125772,-0.222526,5.285765,0.033851,11
0.136651,-0.221956,5.285398,0.035820,11
0.148698,-0.221483,5.284867,0.038272,11
0.159740,-0.220666,5.284927,0.039537,11
0.170682,-0.219369,5.285050,0.040172,11
0.182077,-0.218264,5.285171,0.040188,11
0.192351,-0.217511,5.285362,0.038204,11
0.203677,-0.216780,5.285679,0.034007,11
0.214815,-0.216213,5.286134,0.027718,11
0.226095,-0.215735,5.286911,0.018299,11
0.237188,-0.216174,5.287517,0.005835,11
0.248073,-0.216510,5.288433,-0.015058,11
0.258575,-0.216748,5.289175,-0.034488,11
0.270491,-0.217482,5.290654,-0.059618,11
0.282044,-0.217719,5.292295,-0.083306,11
0.292303,-0.218737,5.293090,-0.108330,11
0.303723,-0.219852,5.295314,-0.133448,11
0.315599,-0.220530,5.297333,-0.158958,11
0.325886,-0.220266,5.300426,-0.187717,11
0.336620,-0.219673,5.302959,-0.216579,11
0.348575,-0.217823,5.307595,-0.245515,11
0.359399,-0.215594,5.311197,-0.272237,11
0.370292,-0.211359,5.316968,-0.299603,11
0.382904,-0.207266,5.324053,-0.327727,11
0.399244,-0.202837,5.332558,-0.356932,11
0.403680,-0.198947,5.335432,-0.382445,11
0.415055,-0.195292,5.341811,-0.410097,11
0.426194,-0.190928,5.349473,-0.439058,11
0.437076,-0.187492,5.354368,-0.463914,11
0.448205,-0.182175,5.362973,-0.491802,11
0.459545,-0.177587,5.368992,-0.516732,11
0.470170,-0.172329,5.376642,-0.541243,11
0.482473,-0.169147,5.385735,-0.564757,11
0.492306,-0.167872,5.390574,-0.584447,11
0.503819,-0.166013,5.400395,-0.606020,11
0.515178,-0.163960,5.405558,-0.625963,11
0.525875,-0.161856,5.412198,-0.646175,11
0.536604,-0.159556,5.417731,-0.663954,11
0.548407,-0.156111,5.426641,-0.682272,11
0.559344,-0.153579,5.431146,-0.697115,11
0.575461,-0.150151,5.441830,-0.714106,11
0.581385,-0.148651,5.444867,-0.724910,11
0.593389,-0.146501,5.449693,-0.736036,11
0.603497,-0.143297,5.455413,-0.748097,11
0.614371,-0.139562,5.460310,-0.757748,11
0.625837,-0.135035,5.467466,-0.767961,11
0.637209,-0.130443,5.472447,-0.776364,11
0.647994,-0.125028,5.479100,-0.784384,11
0.659276,-0.120046,5.484348,-0.790069,11
0.675124,-0.112195,5.492746,-0.796553,11
0.682098,-0.107598,5.496025,-0.799429,11
0.692122,-0.102561,5.499790,-0.801631,11
0.703946,-0.096163,5.505799,-0.803242,11
0.715283,-0.089529,5.510292,-0.802994,11
0.726165,-0.084146,5.516034,-0.801212,11
0.736491,-0.080593,5.520343,-0.799193,11
0.008134,-0.076334,5.526423,-0.796366,12
0.019534,-0.073159,5.531566,-0.791929,12
0.035350,-0.067877,5.538640,-0.785569,12
0.041679,-0.066068,5.540956,-0.781968,12
0.053099,-0.063251,5.543147,-0.778397,12
0.063878,-0.060634,5.544538,-0.773724,12
0.074797,-0.059244,5.545120,-0.768533,12
0.085339,-0.057823,5.545333,-0.763003,12
0.096935,-0.057653,5.544823,-0.757240,12
0.108947,-0.055591,5.533403,-0.748149,12
0.118944,-0.054524,5.523670,-0.741744,12
0.130847,-0.053931,5.498206,-0.730870,12
0.142298,-0.054141,5.480679,-0.725451,12
0.152705,-0.054503,5.478190,-0.722391,12
0.169123,-0.053958,5.479579,-0.716700,12
0.174383,-0.054581,5.481317,-0.710748,12
0.186100,-0.054558,5.483783,-0.703381,12
0.196514,-0.055088,5.486251,-0.693798,12
0.208118,-0.054070,5.488344,-0.684441,12
0.219298,-0.053594,5.490610,-0.674611,12
0.230802,-0.052406,5.492753,-0.664103,12
0.241587,-0.050212,5.495234,-0.653620,12
0.252495,-0.049409,5.497779,-0.642928,12
0.263877,-0.047532,5.500107,-0.632422,12
0.274159,-0.045540,5.502687,-0.623222,12
0.285478,-0.043753,5.505918,-0.614684,12
0.297086,-0.041041,5.513750,-0.605583,12
0.307874,-0.039583,5.527396,-0.597938,12
0.319385,-0.037544,5.545402,-0.590894,12
0.330228,-0.036939,5.572393,-0.590948,12
0.341350,-0.035142,5.580564,-0.587684,12
0.358542,-0.035406,5.580573,-0.584537,12
0.363158,-0.030770,5.581567,-0.575754,12
0.375161,-0.029218,5.580513,-0.568010,12
0.385238,-0.028217,5.578915,-0.559560,12
0.396639,-0.028959,5.578074,-0.550042,12
0.408736,-0.032594,5.576281,-0.540014,12
0.419409,-0.034305,5.575596,-0.529443,12
0.430186,-0.037828,5.573788,-0.519389,12
0.441338,-0.042605,5.571375,-0.510740,12
0.452272,-0.046141,5.569116,-0.502666,12
0.463093,-0.051849,5.565851,-0.496742,12
0.474938,-0.057350,5.562613,-0.492649,12
0.491085,-0.068324,5.556303,-0.492091,12
0.496584,-0.071060,5.556027,-0.486478,12
0.507276,-0.080445,5.551641,-0.485411,12
0.519619,-0.089440,5.547400,-0.485484,12
0.530200,-0.100110,5.542907,-0.486066,12
0.541102,-0.109463,5.538466,-0.487397,12
0.551916,-0.118232,5.534235,-0.490124,12
0.563755,-0.129388,5.527906,-0.495816,12
0.575045,-0.137087,5.522984,-0.500281,12
0.585001,-0.143054,5.517550,-0.505299,12
0.602283,-0.153106,5.507954,-0.515801,12
0.608052,-0.152298,5.505696,-0.517421,12
0.618648,-0.153689,5.499983,-0.523165,12
0.629876,-0.157854,5.493358,-0.529048,12
0.641056,-0.160346,5.486928,-0.533231,12
0.652416,-0.160469,5.480721,-0.536953,12
0.663295,-0.162457,5.473670,-0.540833,12
0.675376,-0.163223,5.467376,-0.545029,12
0.685595,-0.167398,5.459893,-0.547259,12
0.696474,-0.169084,5.454866,-0.547921,12
0.714085,-0.179817,5.445213,-0.552393,12
0.718644,-0.177309,5.444554,-0.550007,12
0.730437,-0.183054,5.438970,-0.550024,12
0.740557,-0.186820,5.434941,-0.550185,12
0.752238,-0.190421,5.430393,-0.550807,12
0.763277,-0.195279,5.426543,-0.550057,12
0.776283,-0.199861,5.423197,-0.547876,12
0.784780,-0.201554,5.421570,-0.544012,12
0.796352,-0.204884,5.419386,-0.538505,12
0.813597,-0.210890,5.414726,-0.535261,12
0.818900,-0.209550,5.415023,-0.528496,12
0.829881,-0.212038,5.412866,-0.522308,12
0.841365,-0.213651,5.410270,-0.514914,12
0.851899,-0.212553,5.409739,-0.505917,12
0.862621,-0.212634,5.407975,-0.497783,12
0.874406,-0.211403,5.406066,-0.488566,12
0.885726,-0.210352,5.404140,-0.479736,12
0.896357,-0.210767,5.405082,-0.462442,12
0.908642,-0.211538,5.404817,-0.447867,12
0.930471,-0.217186,5.399243,-0.441905,12
0.941214,-0.219412,5.397215,-0.438133,12
0.947631,-0.218770,5.398042,-0.429887,12
0.950765,-0.218265,5.399858,-0.418479,12
0.959052,-0.219952,5.400868,-0.408057,12
0.969838,-0.224765,5.401059,-0.397578,12
0.981474,-0.230305,5.400508,-0.388550,12
0.992067,-0.235286,5.400661,-0.378560,12
1.003331,-0.241879,5.400735,-0.370185,12
1.019067,-0.250501,5.401073,-0.364683,12
1.025839,-0.257426,5.400985,-0.361746,12
1.036049,-0.263971,5.401111,-0.359582,12
0.007935,-0.270016,5.401700,-0.356247,13
0.019718,-0.274265,5.402206,-0.354083,13
0.029818,-0.278694,5.402730,-0.352661,13
0.041076,-0.282395,5.403162,-0.352558,13
0.052583,-0.287183,5.403494,-0.353285,13
0.063622,-0.291259,5.404412,-0.353659,13
0.074073,-0.295645,5.404868,-0.354668,13
0.085990,-0.300012,5.405846,-0.355743,13
0.104008,-0.305064,5.407397,-0.356788,13
0.109778,-0.309822,5.407068,-0.359495,13
0.119710,-0.315118,5.407140,-0.361663,13
0.129870,-0.318139,5.407379,-0.363352,13
0.140971,-0.320052,5.407988,-0.363576,13
0.151945,-0.321142,5.408946,-0.362246,13
0.163198,-0.322239,5.410742,-0.360138,13
0.174207,-0.323176,5.412080,-0.357720,13
0.184979,-0.325614,5.413636,-0.355034,13
0.195778,-0.330034,5.414715,-0.352536,13
0.208498,-0.334978,5.416236,-0.349014,13
0.218794,-0.341837,5.417169,-0.344792,13
0.230188,-0.348186,5.417717,-0.341460,13
0.240426,-0.354587,5.418487,-0.337828,13
0.251834,-0.361601,5.419642,-0.334926,13
0.263529,-0.367699,5.420890,-0.332462,13
0.274081,-0.375567,5.421177,-0.331041,13
0.285640,-0.383070,5.421538,-0.328045,13
0.298016,-0.389806,5.422634,-0.323261,13
0.308675,-0.395623,5.423435,-0.317199,13
0.320101,-0.400179,5.425153,-0.307502,13
0.331784,-0.406634,5.426062,-0.298578,13
0.342282,-0.412841,5.426722,-0.289235,13
0.354685,-0.418850,5.426462,-0.280289,13
0.365682,-0.423932,5.426676,-0.273625,13
0.376898,-0.429325,5.426674,-0.266979,13
0.388607,-0.433197,5.426853,-0.259375,13
0.398827,-0.438009,5.426768,-0.252696,13
0.410483,-0.442956,5.426193,-0.245489,13
0.422146,-0.447638,5.424849,-0.238643,13
0.433221,-0.454202,5.423428,-0.232628,13
0.449889,-0.457624,5.420936,-0.225174,13
0.455893,-0.465902,5.419806,-0.216725,13
0.467178,-0.469596,5.418131,-0.206317,13
0.477959,-0.473826,5.417167,-0.192873,13
0.490268,-0.475221,5.415717,-0.179642,13
0.500539,-0.476394,5.414804,-0.165302,13
0.511542,-0.477783,5.414179,-0.151376,13
0.523308,-0.477103,5.412732,-0.137206,13
0.533713,-0.478312,5.411528,-0.122959,13
0.545167,-0.478415,5.409640,-0.107927,13
0.557046,-0.478826,5.407804,-0.092252,13
0.566993,-0.479075,5.406298,-0.075701,13
0.583751,-0.476143,5.404023,-0.058917,13
0.589681,-0.479523,5.402932,-0.044917,13
0.600838,-0.479043,5.401349,-0.029691,13
0.611439,-0.480437,5.399913,-0.016916,13
0.623084,-0.480277,5.398283,-0.003511,13
0.633886,-0.482049,5.396957,0.010490,13
0.644680,-0.482022,5.395429,0.024885,13
0.656115,-0.482782,5.393993,0.039473,13
0.667096,-0.481016,5.392618,0.053604,13
0.684025,-0.475409,5.390930,0.068047,13
0.689836,-0.473640,5.390248,0.078385,13
0.700515,-0.467331,5.389309,0.089317,13
0.711519,-0.460831,5.388509,0.098648,13
0.723236,-0.452449,5.387727,0.108895,13
0.733403,-0.445646,5.387427,0.117336,13
0.745067,-0.435996,5.387054,0.126884,13
0.756491,-0.427135,5.386703,0.134760,13
0.767177,-0.418733,5.386168,0.143279,13
0.784191,-0.407710,5.385109,0.151996,13
0.789730,-0.402835,5.384888,0.157443,13
0.800659,-0.395447,5.384142,0.163065,13
0.811431,-0.389704,5.383509,0.168599,13
0.822837,-0.382964,5.382589,0.173298,13
0.834084,-0.377720,5.381757,0.176867,13
0.844594,-0.370836,5.381063,0.179361,13
0.856318,-0.364812,5.380434,0.179976,13
0.873480,-0.353887,5.379587,0.180605,13
0.878124,-0.350114,5.379644,0.177249,13
0.890023,-0.342590,5.379478,0.174306,13
0.900019,-0.336670,5.379327,0.169152,13
0.910987,-0.331785,5.379279,0.163986,13
0.922848,-0.326435,5.379341,0.157094,13
0.933506,-0.324274,5.379303,0.149730,13
0.944490,-0.322678,5.379313,0.139808,13
0.956652,-0.322717,5.379090,0.128359,13
0.966940,-0.324137,5.378802,0.115053,13
0.984149,-0.323731,5.378167,0.100692,13
0.989324,-0.329585,5.377738,0.084712,13
1.000420,-0.332352,5.377519,0.068965,13
1.010809,-0.336751,5.376879,0.053512,13
1.023082,-0.340634,5.375975,0.036116,13
1.033572,-0.346676,5.375139,0.017199,13
1.044924,-0.352136,5.374524,-0.003964,13
1.055770,-0.359809,5.373222,-0.026603,13
1.072598,-0.363773,5.371675,-0.052482,13
1.077629,-0.374469,5.369460,-0.078124,13
1.089472,-0.380532,5.368457,-0.105017,13
1.099768,-0.387340,5.366886,-0.132980,13
1.111130,-0.392798,5.365482,-0.162165,13
1.123237,-0.398404,5.364308,-0.191752,13
1.133014,-0.406500,5.362054,-0.219893,13
1.144265,-0.413681,5.360524,-0.247770,13
1.161693,-0.419365,5.361642,-0.276241,13
1.166436,-0.428800,5.358810,-0.300060,13
1.178230,-0.436490,5.358822,-0.324511,13
1.189659,-0.442570,5.361097,-0.347688,13
1.200419,-0.448127,5.362766,-0.369146,13
1.210588,-0.453707,5.363956,-0.389809,13
1.222733,-0.458071,5.368093,-0.410848,13
1.233476,-0.462795,5.370821,-0.429794,13
1.244249,-0.467402,5.375686,-0.448146,13
1.256596,-0.471789,5.382041,-0.464959,13
1.272776,-0.476457,5.392815,-0.479122,13
1.278016,-0.477807,5.393379,-0.493058,13
1.289069,-0.477532,5.399660,-0.510920,13
1.300173,-0.476953,5.406388,-0.523749,13
1.311460,-0.476771,5.412817,-0.535595,13
1.322512,-0.475257,5.421655,-0.549508,13
1.333403,-0.474267,5.428063,-0.560230,13
1.344384,-0.472596,5.435228,-0.571581,13
1.356048,-0.471613,5.442987,-0.581011,13
1.366428,-0.468606,5.450871,-0.589468,13
1.377919,-0.467152,5.457642,-0.595746,13
1.390079,-0.463762,5.466277,-0.602837,13
1.399611,-0.462820,5.471267,-0.606098,13
1.410849,-0.459378,5.478723,-0.611559,13
1.422606,-0.453741,5.485570,-0.616000,13
1.433300,-0.447968,5.490520,-0.621903,13
1.449195,-0.438303,5.498639,-0.628835,13
1.455382,-0.435183,5.499446,-0.634755,13
1.466717,-0.428156,5.503510,-0.640859,13
1.477826,-0.421784,5.506178,-0.648172,13
1.489119,-0.413671,5.510368,-0.656292,13
1.500028,-0.406003,5.513338,-0.664991,13
1.511039,-0.397845,5.514090,-0.673843,13
1.522286,-0.388266,5.515870,-0.683431,13
1.533305,-0.379936,5.516526,-0.692372,13
1.544435,-0.371503,5.517811,-0.702231,13
1.556127,-0.364544,5.516897,-0.712143,13
1.565855,-0.357995,5.516491,-0.721952,13
1.577768,-0.351454,5.515680,-0.731540,13
1.589402,-0.344694,5.515259,-0.738262,13
1.599633,-0.339221,5.514174,-0.745313,13
1.611192,-0.333448,5.514165,-0.750001,13
1.623153,-0.328322,5.513525,-0.753246,13
1.633570,-0.325539,5.512516,-0.757772,13
1.643971,-0.322436,5.511363,-0.760971,13
1.656059,-0.321012,5.510325,-0.762907,13
1.666511,-0.318732,5.509805,-0.763911,13
1.677545,-0.317926,5.509146,-0.764840,13
1.689189,-0.317327,5.508491,-0.764322,13
1.706239,-0.317313,5.507071,-0.764613,13
1.710752,-0.318942,5.505560,-0.768217,13
1.722839,-0.318939,5.505002,-0.769502,13
1.733382,-0.318207,5.504434,-0.771006,13
1.744156,-0.317123,5.504490,-0.771929,13
1.756495,-0.315968,5.505298,-0.772167,13
1.765730,-0.315902,5.505530,-0.772374,13
1.777661,-0.316305,5.505186,-0.773009,13
1.789404,-0.317540,5.504948,-0.773568,13
1.799416,-0.319139,5.504473,-0.774307,13
1.810968,-0.319943,5.504807,-0.774181,13
0.002954,-0.320860,5.505615,-0.772492,14
0.013292,-0.321822,5.506808,-0.769962,14
0.024007,-0.322821,5.507900,-0.768244,14
0.035870,-0.323520,5.509235,-0.766026,14
0.046528,-0.324331,5.510014,-0.764482,14
0.057248,-0.323063,5.510742,-0.764304,14
0.069442,-0.321463,5.511893,-0.765033,14
0.079649,-0.317740,5.513123,-0.766433,14
0.090921,-0.313922,5.513809,-0.768551,14
0.101975,-0.310372,5.514429,-0.771266,14
0.113306,-0.307404,5.514534,-0.775078,14
0.124191,-0.303116,5.514629,-0.779640,14
0.135604,-0.297978,5.514122,-0.786312,14
0.145782,-0.291273,5.513661,-0.793311,14
0.157390,-0.285301,5.512766,-0.800548,14
0.170019,-0.279694,5.511995,-0.808317,14
0.179293,-0.275329,5.510891,-0.815074,14
0.190972,-0.271637,5.510272,-0.822016,14
0.203030,-0.270877,5.508593,-0.829557,14
0.212764,-0.272161,5.506594,-0.835620,14
0.224528,-0.274056,5.504118,-0.843575,14
0.236065,-0.276139,5.501873,-0.851935,14
0.246300,-0.277584,5.500240,-0.858360,14
0.257635,-0.279439,5.499373,-0.862065,14
0.269014,-0.282720,5.498270,-0.864417,14
0.279666,-0.286054,5.497516,-0.866364,14
0.291073,-0.290910,5.496516,-0.867685,14
0.302282,-0.295513,5.495742,-0.868545,14
0.312837,-0.297490,5.495510,-0.869535,14
0.324390,-0.299266,5.495812,-0.870501,14
0.335807,-0.299453,5.496504,-0.870551,14
0.346427,-0.300848,5.497323,-0.869181,14
0.357523,-0.300758,5.498203,-0.867589,14
0.369258,-0.304111,5.498905,-0.866411,14
0.378964,-0.306359,5.499594,-0.864792,14
0.390901,-0.312363,5.499907,-0.864665,14
0.402700,-0.318465,5.500665,-0.864417,14
0.412891,-0.323644,5.501118,-0.865140,14
0.424287,-0.333012,5.501476,-0.866946,14
0.435844,-0.342140,5.501435,-0.868238,14
0.446655,-0.352936,5.501046,-0.869393,14
0.456930,-0.362402,5.500551,-0.870120,14
0.469209,-0.377032,5.499249,-0.872264,14
0.480071,-0.390011,5.497942,-0.873266,14
0.490603,-0.400769,5.497641,-0.873212,14
0.502553,-0.416253,5.496534,-0.872789,14
0.512930,-0.420554,5.493529,-0.877879,14
0.524050,-0.423956,5.490036,-0.882084,14
0.535246,-0.424535,5.487479,-0.886813,14
0.546416,-0.424393,5.485123,-0.889662,14
0.557769,-0.422350,5.483113,-0.891886,14
0.009880,-0.422243,5.482404,-0.890836,15
0.020143,-0.421983,5.482380,-0.889404,15
0.030857,-0.421658,5.482090,-0.886616,15
0.042684,-0.423225,5.481122,-0.884572,15
0.053282,-0.421867,5.480812,-0.883536,15
0.064457,-0.421940,5.479469,-0.882775,15
0.076915,-0.420832,5.479022,-0.882411,15
0.086688,-0.420681,5.478521,-0.883254,15
0.097012,-0.420560,5.479526,-0.882435,15
0.109256,-0.420715,5.479208,-0.881533,15
0.120096,-0.420661,5.479052,-0.881293,15
0.131023,-0.419260,5.478606,-0.881669,15
0.143202,-0.418159,5.477805,-0.882671,15
0.152742,-0.415895,5.477220,-0.884000,15
0.164366,-0.414046,5.476609,-0.884735,15
0.175298,-0.412023,5.476569,-0.885044,15
0.186107,-0.410545,5.476575,-0.885273,15
0.197461,-0.410561,5.476244,-0.884764,15
0.208736,-0.410137,5.475941,-0.884635,15
0.220506,-0.410738,5.475407,-0.884801,15
0.230554,-0.411069,5.474867,-0.885883,15
0.248301,-0.412108,5.474669,-0.886380,15
0.252458,-0.414139,5.474045,-0.887532,15
0.264037,-0.417165,5.473792,-0.887622,15
0.275921,-0.420218,5.473900,-0.887207,15
0.286351,-0.423443,5.473773,-0.886786,15
0.297111,-0.426137,5.473446,-0.886213,15
0.309095,-0.428567,5.473105,-0.885180,15
0.320099,-0.430833,5.472584,-0.884834,15
0.330401,-0.433498,5.472136,-0.884553,15
0.342337,-0.435772,5.471635,-0.883885,15
0.352707,-0.438276,5.471253,-0.883330,15
0.363669,-0.440195,5.470849,-0.882617,15
0.375718,-0.442585,5.470779,-0.881305,15
0.386268,-0.444747,5.470582,-0.880396,15
0.397412,-0.447044,5.470611,-0.879057,15
0.408587,-0.449114,5.470213,-0.878509,15
0.419736,-0.451415,5.469976,-0.877855,15
0.430605,-0.454807,5.469459,-0.877651,15
0.442545,-0.458341,5.469294,-0.876751,15
0.452204,-0.462337,5.468792,-0.876965,15
0.463719,-0.467079,5.468234,-0.876973,15
0.476567,-0.471991,5.467034,-0.878011,15
0.485745,-0.477723,5.465303,-0.880076,15
0.497785,-0.484601,5.461877,-0.887058,15
0.509481,-0.491440,5.457657,-0.896671,15
0.519780,-0.500421,5.452914,-0.906587,15
0.529998,-0.510572,5.446725,-0.919685,15
0.542312,-0.523267,5.438922,-0.935449,15
0.560605,-0.535157,5.429929,-0.953227,15
0.565795,-0.552273,5.420045,-0.971548,15
0.575590,-0.570667,5.408353,-0.993180,15
0.586046,-0.592154,5.394685,-1.015133,15
0.597369,-0.616096,5.381018,-1.034155,15
0.608200,-0.639461,5.366474,-1.055139,15
0.619552,-0.664139,5.352962,-1.071776,15
0.630531,-0.689154,5.341958,-1.081672,15
0.641825,-0.717055,5.331984,-1.086576,15
0.652417,-0.735230,5.321815,-1.095709,15
0.664371,-0.756099,5.312684,-1.098603,15
0.675816,-0.775488,5.306482,-1.096499,15
0.686157,-0.792824,5.299669,-1.095940,15
0.697025,-0.808167,5.293518,-1.091695,15
0.709138,-0.820717,5.288295,-1.085649,15
0.725226,-0.830741,5.283307,-1.080158,15
0.729864,-0.841122,5.283685,-1.070516,15
0.742109,-0.846630,5.283336,-1.062070,15
0.752999,-0.853215,5.284642,-1.051250,15
0.763495,-0.857821,5.285666,-1.041816,15
0.776133,-0.860673,5.288123,-1.030049,15
0.786288,-0.863873,5.290270,-1.018836,15
0.796984,-0.867180,5.292230,-1.008813,15
0.808528,-0.869642,5.293911,-0.998306,15
0.818616,-0.873518,5.296417,-0.986509,15
0.830067,-0.876133,5.299520,-0.974348,15
0.842414,-0.878050,5.302897,-0.962815,15
0.852102,-0.880926,5.306371,-0.949822,15
0.863792,-0.882212,5.309735,-0.937176,15
0.875514,-0.884452,5.313086,-0.924524,15
0.891327,-0.886435,5.316127,-0.912763,15
0.896551,-0.889113,5.319887,-0.899365,15
0.908876,-0.891494,5.322891,-0.887549,15
0.919602,-0.892398,5.326829,-0.875029,15
0.929827,-0.891694,5.331423,-0.862046,15
0.941711,-0.888441,5.336777,-0.849237,15
0.952731,-0.884387,5.342233,-0.836032,15
0.963167,-0.878713,5.348483,-0.820913,15
0.975444,-0.872283,5.355248,-0.805371,15
0.985988,-0.865766,5.361665,-0.790217,15
0.996985,-0.858615,5.368357,-0.774844,15
1.008690,-0.850734,5.375374,-0.759408,15
1.019428,-0.839793,5.382938,-0.744043,15
1.030245,-0.824985,5.392297,-0.725787,15
1.041402,-0.806257,5.402664,-0.705689,15
1.052637,-0.784401,5.413965,-0.683909,15
1.068530,-0.751684,5.428527,-0.656144,15
1.075364,-0.716839,5.444514,-0.624971,15
1.085536,-0.678355,5.460269,-0.592798,15
1.097044,-0.634056,5.477063,-0.556919,15
1.108791,-0.587960,5.492802,-0.519819,15
1.119307,-0.539107,5.508058,-0.478602,15
1.130052,-0.487287,5.522233,-0.433931,15
1.142401,-0.438161,5.534204,-0.391567,15
1.158019,-0.389167,5.543138,-0.349149,15
1.163615,-0.344108,5.551705,-0.307179,15
1.175376,-0.298714,5.557597,-0.268410,15
1.186041,-0.257087,5.561026,-0.229008,15
1.197219,-0.221067,5.562672,-0.197488,15
1.209953,-0.193690,5.562067,-0.173817,15
1.219321,-0.168510,5.564355,-0.147820,15
1.235643,-0.145718,5.566311,-0.126143,15
1.241693,-0.129396,5.569660,-0.102499,15
1.252942,-0.112798,5.573912,-0.074755,15
1.263871,-0.095993,5.579844,-0.049190,15
1.275143,-0.077263,5.583593,-0.022918,15
1.285703,-0.061549,5.586160,0.001304,15
1.296876,-0.046074,5.588240,0.025142,15
1.308865,-0.030884,5.589446,0.049876,15
1.318997,-0.016204,5.589566,0.074835,15
1.330647,-0.002591,5.589092,0.098720,15
1.341999,0.009014,5.588308,0.122578,15
1.358761,0.020245,5.587533,0.145964,15
1.363249,0.028144,5.587027,0.167980,15
1.375539,0.034016,5.586124,0.189173,15
1.386086,0.038422,5.585468,0.211033,15
1.396907,0.041298,5.584486,0.231981,15
1.409308,0.044264,5.583173,0.253076,15
1.419188,0.048449,5.581656,0.275212,15
1.430219,0.053260,5.579553,0.297135,15
1.441558,0.061376,5.576926,0.321086,15
1.452399,0.070988,5.573740,0.346273,15
1.463571,0.083343,5.570411,0.371603,15
1.475080,0.098252,5.566535,0.395950,15
1.486416,0.114383,5.562706,0.418706,15
1.502706,0.128643,5.558111,0.440737,15
1.508324,0.140244,5.553475,0.462545,15
1.519028,0.149571,5.548474,0.483480,15
1.530280,0.158762,5.543776,0.504480,15
1.542106,0.168286,5.538237,0.526836,15
1.552569,0.178868,5.532903,0.549581,15
1.563111,0.185922,5.527693,0.571842,15
1.575055,0.192688,5.522617,0.593482,15
1.585979,0.196528,5.517414,0.612548,15
1.601831,0.197505,5.511430,0.629882,15
1.607546,0.195349,5.507365,0.646306,15
1.619118,0.191124,5.502119,0.661341,15
1.630508,0.186025,5.496714,0.673133,15
1.641771,0.180989,5.491537,0.684330,15
2.418523,-0.195985,5.417147,-0.014599,15
2.434600,-0.199510,5.415368,-0.052781,15
2.441411,-0.198932,5.415999,-0.068546,15
2.452426,-0.206138,5.419375,-0.080837,15
2.463672,-0.212837,5.422211,-0.098103,15
2.474813,-0.219101,5.424313,-0.114678,15
2.485654,-0.225339,5.425369,-0.133432,15
2.497256,-0.227918,5.427525,-0.147991,15
2.508096,-0.233203,5.428789,-0.163533,15
2.519366,-0.236229,5.428857,-0.174496,15
2.530152,-0.241604,5.427830,-0.186871,15
2.547299,-0.251743,5.425948,-0.204588,15
2.551887,-0.253061,5.425169,-0.213845,15
2.563527,-0.258782,5.423537,-0.228156,15
2.575236,-0.264195,5.421859,-0.238357,15
2.585235,-0.268355,5.420229,-0.246503,15
2.596725,-0.271837,5.418575,-0.254883,15
2.608079,-0.276018,5.417595,-0.263093,15
2.619090,-0.278433,5.416716,-0.272062,15
2.635207,-0.288631,5.416030,-0.280507,15
2.640573,-0.291472,5.415817,-0.284695,15
2.653186,-0.297838,5.416393,-0.286984,15
2.663489,-0.303520,5.416598,-0.287632,15
2.674069,-0.308256,5.417284,-0.285922,15
2.685473,-0.315449,5.418017,-0.283337,15
2.696965,-0.319353,5.419290,-0.277207,15
2.707623,-0.324753,5.420264,-0.270404,15
2.725392,-0.330304,5.421004,-0.262452,15
2.729730,-0.327611,5.422628,-0.253723,15
0.001163,-0.328764,5.422964,-0.245582,16
0.012457,-0.327228,5.424239,-0.236514,16
0.023022,-0.324850,5.425337,-0.225575,16
0.034550,-0.322952,5.426779,-0.213799,16
0.045256,-0.321001,5.427869,-0.202182,16
0.056883,-0.321582,5.428447,-0.193746,16
0.073835,-0.326079,5.428294,-0.185170,16
0.078901,-0.328927,5.428530,-0.181248,16
0.089682,-0.333384,5.428464,-0.178137,16
0.102402,-0.338217,5.428622,-0.175743,16
0.112684,-0.340257,5.428720,-0.176207,16
0.123310,-0.341931,5.429369,-0.176072,16
0.134897,-0.342836,5.429965,-0.176261,16
0.146046,-0.343438,5.430360,-0.176607,16
0.157187,-0.343594,5.429828,-0.176828,16
0.167469,-0.344616,5.430162,-0.178005,16
0.179003,-0.346048,5.430142,-0.179150,16
0.189716,-0.347247,5.430035,-0.180911,16
0.201134,-0.348645,5.430553,-0.182865,16
0.212620,-0.348625,5.431274,-0.185024,16
0.232014,-0.347696,5.433161,-0.187255,16
0.245750,-0.348300,5.433775,-0.190043,16
0.251020,-0.350813,5.433318,-0.193831,16
0.254643,-0.353573,5.432533,-0.198891,16
0.263447,-0.355558,5.431705,-0.205695,16
0.275229,-0.358083,5.430984,-0.215656,16
0.286930,-0.360727,5.430386,-0.226674,16
0.297426,-0.363848,5.427989,-0.240900,16
0.307491,-0.366604,5.425776,-0.257724,16
0.319836,-0.369036,5.422673,-0.277597,16
0.330631,-0.372350,5.418622,-0.300279,16
0.341232,-0.375624,5.414235,-0.325544,16
0.352680,-0.379805,5.409030,-0.355171,16
0.369240,-0.379852,5.404099,-0.386962,16
0.374569,-0.384500,5.397630,-0.420918,16
0.386084,-0.385681,5.391736,-0.454913,16
0.397020,-0.387775,5.384518,-0.490693,16
0.408192,-0.388874,5.376789,-0.527567,16
0.419933,-0.390086,5.368263,-0.563979,16
0.430086,-0.389954,5.358597,-0.600699,16
0.441406,-0.393539,5.348613,-0.635933,16
0.457409,-0.416473,5.345192,-0.640294,16
0.463533,-0.419217,5.336936,-0.667731,16
0.474693,-0.412204,5.322962,-0.712373,16
0.486544,-0.410435,5.308648,-0.749194,16
0.496447,-0.420616,5.297276,-0.778230,16
0.507757,-0.423789,5.283937,-0.813069,16
0.520128,-0.414479,5.268438,-0.853678,16
0.536379,-0.415283,5.254271,-0.885932,16
0.540737,-0.421294,5.242970,-0.912054,16
0.552858,-0.428854,5.233564,-0.933029,16
0.563938,-0.441754,5.225704,-0.947648,16
0.573996,-0.452764,5.218554,-0.960480,16
0.586029,-0.457136,5.212236,-0.972795,16
0.596882,-0.464571,5.205126,-0.986795,16
0.614119,-0.471677,5.200762,-0.995159,16
0.619555,-0.484902,5.194816,-1.004310,16
0.630724,-0.492502,5.192907,-1.008098,16
0.642061,-0.498942,5.191194,-1.012997,16
0.653307,-0.505017,5.189850,-1.017433,16
0.664715,-0.508067,5.190047,-1.020155,16
0.680853,-0.510466,5.192593,-1.021031,16
0.686792,-0.516267,5.192457,-1.021677,16
0.698166,-0.517625,5.195263,-1.020887,16
0.709877,-0.518003,5.199342,-1.019278,16
0.721064,-0.520221,5.202147,-1.018187,16
0.732658,-0.522724,5.204389,-1.018546,16
0.749508,-0.522879,5.209469,-1.018414,16
0.755762,-0.528666,5.209777,-1.018777,16
0.766417,-0.531926,5.212926,-1.017839,16
0.777802,-0.535081,5.215727,-1.016780,16
0.789272,-0.537920,5.219522,-1.014807,16
0.799795,-0.542203,5.222339,-1.013154,16
0.817095,-0.541446,5.228495,-1.012064,16
0.822594,-0.547245,5.229561,-1.010323,16
0.833675,-0.549901,5.232930,-1.008305,16
0.845341,-0.549679,5.238864,-1.004884,16
0.856400,-0.550270,5.243743,-1.000152,16
0.867655,-0.548961,5.249510,-0.997578,16
0.883965,-0.543454,5.256807,-0.994925,16
0.889385,-0.544672,5.259177,-0.991862,16
0.901104,-0.538726,5.265779,-0.991618,16
0.912382,-0.534241,5.270946,-0.990528,16
0.922524,-0.527233,5.277140,-0.989802,16
0.933735,-0.520440,5.282878,-0.987824,16
0.945684,-0.510051,5.291273,-0.987655,16
0.960831,-0.498105,5.299867,-0.989153,16
0.966995,-0.495342,5.303331,-0.986875,16
0.978565,-0.485076,5.309926,-0.988408,16
0.989433,-0.475356,5.316751,-0.989540,16
1.001150,-0.464034,5.323604,-0.991846,16
1.011650,-0.455322,5.328535,-0.993216,16
1.022982,-0.442578,5.334990,-0.995755,16
1.033205,-0.433500,5.340385,-0.996742,16
1.045033,-0.420479,5.346525,-1.001198,16
1.062441,-0.403962,5.354036,-1.006717,16
1.067480,-0.401803,5.355742,-1.006974,16
1.078678,-0.392698,5.360103,-1.008387,16
1.089304,-0.380241,5.366090,-1.010143,16
1.100630,-0.368710,5.373110,-1.008257,16
1.111368,-0.359110,5.379056,-1.006567,16
1.122803,-0.344128,5.387499,-1.004082,16
1.133892,-0.331991,5.394584,-1.000507,16
1.145580,-0.315040,5.402610,-0.996604,16
1.155891,-0.300292,5.409140,-0.993070,16
1.174088,-0.273294,5.418867,-0.987681,16
1.178944,-0.265684,5.420677,-0.986285,16
1.189440,-0.248924,5.425868,-0.982865,16
1.201992,-0.231247,5.431259,-0.978068,16
1.211500,-0.217564,5.435585,-0.974415,16
1.222702,-0.204366,5.439494,-0.969640,16
1.233435,-0.193136,5.441720,-0.967651,16
1.244829,-0.181219,5.443238,-0.966593,16
1.256138,-0.172562,5.442408,-0.968294,16
1.272499,-0.158670,5.441146,-0.970051,16
1.277939,-0.153813,5.440033,-0.973282,16
1.289446,-0.145080,5.438405,-0.976576,16
1.300106,-0.138370,5.437735,-0.979423,16
1.311403,-0.132297,5.436625,-0.982454,16
1.322433,-0.126045,5.436453,-0.983627,16
1.333870,-0.120705,5.436869,-0.983586,16
1.344795,-0.115476,5.437629,-0.982516,16
1.355583,-0.111488,5.437898,-0.982069,16
1.366760,-0.106397,5.438474,-0.981586,16
1.378181,-0.101306,5.438638,-0.982049,16
1.388937,-0.095360,5.439256,-0.981443,16
1.407797,-0.089348,5.441558,-0.980963,16
1.412134,-0.079611,5.442272,-0.980319,16
1.422857,-0.069748,5.443345,-0.982050,16
1.432816,-0.059987,5.442860,-0.986901,16
1.444767,-0.050451,5.442765,-0.993426,16
1.455906,-0.040765,5.441521,-1.000480,16
1.466606,-0.034900,5.440635,-1.008382,16
1.478437,-0.030326,5.439864,-1.015541,16
1.489227,-0.027809,5.440146,-1.022157,16
1.500080,-0.029593,5.440262,-1.028701,16
1.511702,-0.031559,5.440544,-1.034133,16
1.522427,-0.035000,5.441137,-1.039480,16
1.533579,-0.040280,5.441399,-1.043063,16
1.544621,-0.045924,5.441495,-1.046024,16
1.555965,-0.051090,5.441464,-1.048633,16
1.567343,-0.054940,5.442951,-1.049988,16
1.578142,-0.057557,5.443997,-1.050410,16
1.588512,-0.059237,5.444757,-1.051176,16
1.599958,-0.059860,5.445783,-1.050583,16
1.611483,-0.059414,5.447114,-1.051533,16
1.622366,-0.060164,5.447446,-1.053095,16
1.633795,-0.061931,5.447221,-1.056082,16
1.644445,-0.064559,5.446426,-1.059736,16
1.656212,-0.067683,5.445110,-1.062796,16
1.666210,-0.071451,5.443840,-1.066672,16
1.678272,-0.075433,5.443602,-1.068039,16
1.689159,-0.078861,5.443402,-1.068183,16
1.700947,-0.082490,5.443967,-1.066312,16
1.711031,-0.084201,5.443624,-1.065247,16
1.722334,-0.084734,5.442216,-1.063275,16
1.739182,-0.084150,5.439307,-1.062017,16
0.004436,-0.083514,5.437838,-1.062233,17
0.015858,-0.082780,5.437181,-1.059971,17
0.027725,-0.079069,5.436739,-1.055322,17
0.038025,-0.074852,5.436804,-1.050651,17
0.048674,-0.070322,5.435564,-1.046031,17
0.060225,-0.065612,5.433116,-1.043044,17
0.071737,-0.063121,5.428001,-1.041872,17
0.082201,-0.062210,5.422234,-1.041749,17
0.094088,-0.063497,5.414953,-1.041494,17
0.105253,-0.066556,5.402742,-1.038597,17
0.116226,-0.069620,5.389200,-1.034566,17
0.126617,-0.070461,5.373440,-1.028646,17
0.138176,-0.071406,5.367687,-1.025717,17
0.149315,-0.072319,5.367716,-1.023710,17
0.159954,-0.075279,5.368284,-1.021268,17
0.177218,-0.077008,5.369457,-1.017772,17
0.182262,-0.078732,5.370923,-1.013495,17
0.193674,-0.080402,5.373533,-1.005806,17
0.204998,-0.081470,5.378876,-0.993115,17
0.215689,-0.081711,5.384792,-0.978370,17
0.226839,-0.081298,5.391187,-0.961949,17
0.238033,-0.079482,5.397243,-0.945993,17
0.248879,-0.077159,5.402966,-0.929393,17
0.260073,-0.073444,5.409211,-0.910715,17
0.271399,-0.070153,5.416730,-0.889751,17
0.281897,-0.067673,5.425238,-0.865056,17
0.293415,-0.065407,5.434770,-0.837785,17
0.305075,-0.063302,5.444960,-0.809415,17
0.316017,-0.060239,5.455089,-0.780525,17
0.332439,-0.060318,5.467909,-0.753558,17
0.338179,-0.055567,5.477702,-0.724576,17
0.349104,-0.052093,5.490756,-0.695456,17
0.359592,-0.047373,5.506783,-0.667102,17
0.371800,-0.044534,5.533946,-0.640000,17
0.382225,-0.042651,5.561854,-0.612922,17
0.393639,-0.046351,5.573356,-0.589476,17
0.404291,-0.051790,5.579965,-0.565576,17
0.416616,-0.062332,5.581014,-0.543774,17
0.426498,-0.073426,5.581079,-0.522928,17
0.438421,-0.081609,5.578745,-0.500411,17
0.449204,-0.091166,5.576580,-0.477306,17
0.466267,-0.103977,5.570108,-0.457835,17
0.471014,-0.104606,5.571516,-0.434788,17
0.481665,-0.112095,5.566046,-0.415463,17
0.493259,-0.119098,5.559965,-0.396997,17
0.504442,-0.128283,5.552299,-0.378799,17
0.515566,-0.136951,5.546772,-0.359437,17
0.526491,-0.147339,5.538905,-0.338994,17
0.538292,-0.154936,5.532795,-0.317561,17
0.549189,-0.163009,5.525558,-0.295624,17
0.559237,-0.168516,5.519608,-0.275437,17
0.571119,-0.174935,5.508648,-0.254826,17
0.582306,-0.181472,5.499058,-0.237518,17
0.592863,-0.187540,5.490615,-0.222305,17
0.604290,-0.195130,5.478745,-0.207421,17
0.615341,-0.202114,5.469290,-0.192680,17
0.626461,-0.209730,5.457485,-0.177785,17
0.637411,-0.215246,5.447761,-0.164171,17
0.649748,-0.221471,5.435063,-0.150181,17
0.666464,-0.227871,5.419291,-0.133952,17
0.671198,-0.229985,5.416151,-0.124225,17
0.681595,-0.234468,5.405771,-0.112169,17
0.693110,-0.238646,5.395936,-0.101191,17
0.704378,-0.243166,5.383783,-0.090838,17
0.715042,-0.246370,5.375896,-0.081904,17
0.726744,-0.250348,5.365276,-0.071075,17
0.737825,-0.252771,5.357633,-0.061921,17
0.748976,-0.254908,5.349133,-0.052242,17
0.759394,-0.257824,5.342762,-0.043667,17
0.770956,-0.260348,5.332620,-0.035018,17
0.782131,-0.261175,5.323624,-0.026823,17
0.793032,-0.260719,5.317730,-0.020913,17
0.804504,-0.259404,5.310291,-0.016279,17
0.815405,-0.258822,5.304635,-0.011247,17
0.006460,-0.257982,5.298953,-0.006923,18
0.017101,-0.257200,5.294902,-0.003900,18
0.028713,-0.256197,5.288836,-0.002304,18
0.039848,-0.254032,5.285645,-0.003646,18
0.050961,-0.251780,5.281932,-0.005366,18
0.062023,-0.249102,5.278293,-0.007562,18
0.073296,-0.247461,5.275298,-0.009299,18
0.084744,-0.245787,5.272521,-0.011736,18
0.095076,-0.244485,5.270529,-0.015301,18
0.106453,-0.243730,5.267974,-0.019034,18
0.117441,-0.243977,5.266402,-0.023325,18
0.129063,-0.242776,5.264996,-0.027784,18
0.139479,-0.242667,5.263785,-0.032104,18
0.151190,-0.243186,5.262461,-0.035923,18
0.167505,-0.243010,5.261224,-0.040958,18
0.172655,-0.243586,5.260756,-0.044443,18
0.184437,-0.243253,5.259892,-0.048967,18
0.195227,-0.242731,5.259305,-0.053759,18
0.206312,-0.241527,5.258935,-0.058885,18
0.216843,-0.240651,5.258742,-0.064327,18
0.228546,-0.238799,5.258562,-0.070581,18
0.239607,-0.237158,5.258594,-0.076801,18
0.250801,-0.235423,5.258579,-0.084754,18
0.262180,-0.233724,5.258510,-0.095802,18
0.272947,-0.231792,5.258249,-0.109248,18
0.284130,-0.230277,5.257892,-0.127562,18
0.295336,-0.230575,5.257131,-0.148373,18
0.306097,-0.231924,5.256076,-0.173244,18
0.317637,-0.235888,5.254017,-0.202854,18
0.328487,-0.241813,5.251477,-0.236475,18
0.339737,-0.249412,5.247999,-0.272985,18
0.350975,-0.259560,5.243548,-0.315692,18
0.368727,-0.269368,5.239612,-0.359820,18
0.373203,-0.281971,5.231480,-0.405889,18
0.383957,-0.294337,5.224642,-0.454563,18
0.395067,-0.305924,5.216136,-0.500738,18
0.406633,-0.315519,5.207474,-0.547239,18
0.417231,-0.324730,5.197250,-0.592489,18
0.429321,-0.333209,5.187842,-0.636374,18
0.439459,-0.341457,5.177224,-0.678042,18
0.462763,-0.348379,5.168963,-0.719643,18
0.474098,-0.356409,5.158970,-0.757593,18
0.477863,-0.364113,5.147957,-0.790948,18
0.480944,-0.372152,5.135920,-0.823727,18
0.489754,-0.377424,5.126152,-0.850610,18
0.501503,-0.382366,5.118928,-0.878917,18
0.511831,-0.384036,5.116077,-0.907615,18
0.523027,-0.387237,5.110222,-0.932642,18
0.540606,-0.389893,5.105148,-0.957290,18
0.545683,-0.394468,5.097857,-0.975992,18
0.556032,-0.398310,5.092813,-0.993895,18
0.567192,-0.402074,5.088187,-1.011369,18
0.579229,-0.404805,5.085464,-1.024582,18
0.589474,-0.406560,5.082420,-1.037776,18
0.601116,-0.407404,5.080051,-1.049349,18
0.612608,-0.407429,5.078094,-1.060751,18
0.623760,-0.408142,5.076152,-1.072170,18
0.634403,-0.410026,5.073428,-1.083434,18
0.649878,-0.414613,5.071125,-1.096680,18
0.656723,-0.420059,5.066952,-1.107198,18
0.667387,-0.426728,5.063552,-1.118696,18
0.679054,-0.435231,5.060239,-1.128873,18
0.690081,-0.443125,5.056887,-1.140197,18
0.701214,-0.451989,5.053509,-1.150487,18
0.712093,-0.460771,5.049954,-1.160820,18
0.723009,-0.469917,5.046453,-1.171365,18
0.735123,-0.479119,5.042523,-1.182454,18
0.746271,-0.491000,5.037797,-1.194631,18
0.756914,-0.500924,5.032343,-1.206337,18
0.768066,-0.511297,5.027755,-1.218596,18
0.784916,-0.520663,5.024453,-1.232943,18
0.789995,-0.530125,5.019514,-1.241793,18
0.801666,-0.539464,5.015843,-1.253336,18
0.812151,-0.549092,5.011447,-1.264392,18
0.823586,-0.558984,5.006505,-1.277676,18
0.835192,-0.570111,5.000743,-1.290740,18
0.846098,-0.581384,4.995047,-1.303736,18
0.857416,-0.591812,4.991353,-1.313026,18
0.869158,-0.601743,4.988723,-1.322641,18
0.880201,-0.609524,4.987801,-1.328549,18
0.891661,-0.615440,4.987975,-1.333081,18
0.903175,-0.622064,4.988854,-1.337068,18
0.913992,-0.629155,4.990511,-1.337469,18
0.925728,-0.635548,4.994989,-1.335696,18
0.936346,-0.641867,4.999557,-1.331970,18
0.953737,-0.646369,5.005836,-1.332395,18
0.960596,-0.650011,5.013379,-1.323346,18
0.970306,-0.653707,5.021026,-1.315734,18
0.982189,-0.655260,5.031144,-1.309879,18
0.993717,-0.657183,5.040028,-1.303882,18
1.004543,-0.657413,5.049585,-1.299735,18
1.016998,-0.655922,5.059290,-1.295469,18
1.027472,-0.653671,5.068708,-1.291709,18
1.038891,-0.651224,5.078061,-1.286843,18
1.050030,-0.648457,5.087507,-1.285124,18
1.061792,-0.644491,5.095312,-1.283276,18
1.072477,-0.642380,5.102849,-1.279066,18
1.083237,-0.639960,5.109588,-1.278105,18
1.094969,-0.637313,5.116362,-1.275798,18
1.106274,-0.634454,5.121855,-1.276958,18
1.116579,-0.632889,5.127421,-1.273810,18
1.127365,-0.630397,5.131801,-1.275341,18
1.138979,-0.628491,5.135978,-1.275253,18
1.150597,-0.624980,5.139007,-1.278502,18
1.161137,-0.624430,5.141008,-1.280677,18
1.172756,-0.623613,5.141877,-1.284377,18
1.184166,-0.621588,5.142114,-1.291193,18
1.194862,-0.622007,5.142482,-1.294065,18
1.205172,-0.621653,5.140831,-1.301135,18
1.222855,-0.617406,5.137997,-1.313053,18
1.228119,-0.623478,5.138398,-1.310397,18
1.239004,-0.624386,5.136757,-1.314430,18
1.250456,-0.624331,5.134168,-1.319881,18
1.261681,-0.625654,5.132493,-1.322881,18
1.272633,-0.627551,5.131210,-1.324106,18
1.282917,-0.629406,5.129842,-1.326185,18
1.294527,-0.631873,5.129130,-1.326828,18
1.305780,-0.634464,5.128219,-1.328271,18
1.316626,-0.638145,5.127717,-1.328329,18
1.328386,-0.639945,5.126862,-1.330304,18
1.339029,-0.643041,5.127395,-1.328949,18
1.350262,-0.642297,5.128559,-1.329326,18
1.361965,-0.642293,5.129471,-1.329501,18
1.372656,-0.642220,5.130657,-1.328555,18
1.383753,-0.640100,5.131761,-1.329016,18
1.395241,-0.639778,5.132628,-1.328848,18
1.405411,-0.638479,5.132666,-1.330821,18
1.416786,-0.637348,5.132935,-1.332342,18
1.428507,-0.634583,5.132876,-1.335240,18
1.444857,-0.628248,5.132673,-1.340682,18
1.449902,-0.627806,5.134141,-1.339204,18
1.461269,-0.623795,5.133498,-1.342590,18
1.472385,-0.622994,5.132737,-1.344125,18
1.483082,-0.620645,5.130928,-1.347638,18
1.494747,-0.618726,5.129582,-1.350779,18
1.505705,-0.615435,5.128242,-1.355259,18
1.516354,-0.612538,5.126746,-1.358702,18
1.528206,-0.607967,5.127182,-1.360181,18
1.540037,-0.601460,5.127850,-1.361127,18
1.550560,-0.594590,5.130580,-1.359305,18
1.565786,-0.584468,5.133291,-1.358664,18
1.572189,-0.577097,5.136580,-1.355112,18
1.584543,-0.564317,5.140159,-1.353369,18
1.594290,-0.553726,5.143528,-1.350928,18
1.605751,-0.540679,5.147259,-1.348462,18
1.616554,-0.527621,5.151220,-1.345847,18
1.628569,-0.513740,5.156528,-1.342782,18
1.638700,-0.501493,5.160712,-1.340213,18
0.010624,-0.489744,5.164698,-1.337976,19
0.021387,-0.480796,5.167026,-1.337828,19
0.032352,-0.474600,5.169216,-1.336321,19
0.043312,-0.469774,5.172102,-1.335808,19
0.059572,-0.464702,5.175497,-1.334069,19
0.065437,-0.459273,5.178029,-1.333276,19
0.076321,-0.454152,5.180449,-1.332574,19
0.088474,-0.449189,5.183248,-1.331237,19
0.099117,-0.445590,5.184420,-1.330592,19
0.109707,-0.443513,5.185178,-1.329579,19
0.120491,-0.441300,5.186692,-1.328061,19
0.132217,-0.439825,5.188390,-1.325956,19
0.143435,-0.438730,5.191681,-1.322556,19
0.154757,-0.437365,5.194717,-1.319026,19
0.166426,-0.437305,5.198939,-1.314534,19
0.176554,-0.434324,5.205167,-1.311113,19
0.188120,-0.431307,5.208941,-1.304573,19
0.198151,-0.426843,5.213981,-1.297853,19
0.209576,-0.423356,5.219571,-1.290082,19
0.221294,-0.419387,5.224899,-1.284034,19
0.231911,-0.415598,5.229123,-1.278756,19
0.243618,-0.411569,5.233630,-1.274616,19
0.259476,-0.407840,5.239121,-1.271393,19
0.265308,-0.402196,5.242237,-1.268577,19
0.276138,-0.396473,5.246423,-1.264585,19
0.287544,-0.391676,5.251439,-1.260205,19
0.298731,-0.387404,5.255215,-1.256510,19
0.309662,-0.383355,5.259496,-1.253045,19
0.320776,-0.379809,5.262792,-1.250799,19
0.331863,-0.373753,5.266744,-1.247329,19
0.343117,-0.366821,5.271062,-1.243510,19
0.354172,-0.356919,5.276665,-1.238275,19
0.365662,-0.345811,5.282262,-1.233112,19
0.376734,-0.330535,5.289748,-1.227494,19
0.387941,-0.318263,5.293216,-1.219475,19
0.398613,-0.303077,5.298821,-1.211616,19
0.415291,-0.290536,5.305539,-1.201210,19
0.421099,-0.268244,5.312387,-1.191479,19
0.432304,-0.246513,5.320000,-1.179109,19
0.443861,-0.224806,5.327832,-1.164961,19
0.454348,-0.200043,5.337125,-1.149603,19
0.466440,-0.175630,5.346798,-1.130080,19
0.476086,-0.150663,5.356348,-1.110411,19
0.487501,-0.127020,5.366055,-1.087853,19
0.504078,-0.105532,5.376192,-1.063416,19
0.509745,-0.079765,5.385674,-1.040666,19
0.521053,-0.057643,5.394961,-1.015233,19
0.532131,-0.035050,5.404104,-0.989272,19
0.543083,-0.014149,5.413600,-0.960804,19
0.554056,0.007136,5.423108,-0.933608,19
0.565279,0.023982,5.431004,-0.908221,19
0.576754,0.039324,5.438417,-0.884109,19
0.592201,0.051846,5.446753,-0.858490,19
0.598507,0.066596,5.453786,-0.833750,19
0.609749,0.078202,5.462003,-0.805992,19
0.621628,0.087586,5.469905,-0.778304,19
0.631565,0.095934,5.477084,-0.752160,19
0.643051,0.102070,5.483548,-0.729395,19
0.654543,0.106657,5.489101,-0.710221,19
0.665054,0.110383,5.493348,-0.695113,19
0.676445,0.114339,5.498223,-0.681028,19
0.693758,0.114884,5.504764,-0.667566,19
0.698298,0.120586,5.508193,-0.655512,19
0.709726,0.122821,5.512412,-0.645330,19
0.720751,0.125131,5.516411,-0.636164,19
0.732042,0.127388,5.519479,-0.629915,19
0.743197,0.126886,5.522417,-0.625082,19
0.753569,0.127847,5.524654,-0.621132,19
0.765591,0.124695,5.528111,-0.615270,19
0.776653,0.122536,5.530821,-0.608911,19
0.787500,0.118205,5.533367,-0.602079,19
0.799507,0.112998,5.534876,-0.596302,19
0.809603,0.107693,5.535511,-0.590733,19
0.821356,0.099843,5.535286,-0.584762,19
0.837288,0.088195,5.535637,-0.577259,19
0.887571,0.036213,5.536642,-0.544930,19
0.899488,0.015045,5.537518,-0.542927,19
0.910671,0.000100,5.537032,-0.536490,19
0.921166,-0.011929,5.535552,-0.530845,19
0.932413,-0.025281,5.533997,-0.524964,19
0.942999,-0.041075,5.531813,-0.517154,19
0.953787,-0.053940,5.529376,-0.511800,19
0.965004,-0.068858,5.526428,-0.503148,19
0.976858,-0.081333,5.524682,-0.494747,19
0.987890,-0.093752,5.520927,-0.485454,19
0.998653,-0.105037,5.517540,-0.476937,19
1.009697,-0.118236,5.513378,-0.467899,19
1.020819,-0.128649,5.510069,-0.459047,19
1.031706,-0.137245,5.506577,-0.450844,19
1.043119,-0.148743,5.501173,-0.438087,19
1.055021,-0.157008,5.497106,-0.426629,19
1.064831,-0.163281,5.492282,-0.415073,19
1.076727,-0.168765,5.487531,-0.404022,19
1.087643,-0.175010,5.481794,-0.393173,19
1.099394,-0.177251,5.476793,-0.382300,19
1.108994,-0.180399,5.471994,-0.372614,19
1.121349,-0.182840,5.466085,-0.362142,19
1.131815,-0.185141,5.460775,-0.354167,19
1.142653,-0.185596,5.453357,-0.346461,19
1.153852,-0.186787,5.447418,-0.340195,19
0.005064,-0.189597,5.441364,-0.332923,20
0.016205,-0.190937,5.438047,-0.327971,20
0.026827,-0.193777,5.434615,-0.322512,20
0.038433,-0.196385,5.432211,-0.317058,20
0.050053,-0.199594,5.429432,-0.312438,20
0.060635,-0.202601,5.427726,-0.309096,20
0.071894,-0.204960,5.426329,-0.305565,20
0.083063,-0.207742,5.425330,-0.302973,20
0.094469,-0.209624,5.425044,-0.301566,20
0.104933,-0.212347,5.425351,-0.300441,20
0.115856,-0.214334,5.425416,-0.299430,20
0.127525,-0.217154,5.425564,-0.298543,20
0.144297,-0.219203,5.425710,-0.299440,20
0.149374,-0.221798,5.425995,-0.297674,20
0.160582,-0.224068,5.426459,-0.297269,20
0.171694,-0.227016,5.427093,-0.295430,20
0.182661,-0.229005,5.427829,-0.293951,20
0.194227,-0.231667,5.428482,-0.290562,20
0.205074,-0.234220,5.429374,-0.285798,20
0.215767,-0.237768,5.430400,-0.278697,20
0.226688,-0.240330,5.431441,-0.272118,20
0.238342,-0.242970,5.432601,-0.263899,20
0.249403,-0.244757,5.434272,-0.255933,20
0.260574,-0.245001,5.435953,-0.247903,20
0.271746,-0.244981,5.437631,-0.240167,20
0.283102,-0.243611,5.439636,-0.232386,20
0.294163,-0.243028,5.441274,-0.224514,20
0.304367,-0.242105,5.443272,-0.217271,20
0.316061,-0.241056,5.445688,-0.209203,20
0.327400,-0.239038,5.448808,-0.202450,20
0.338108,-0.237939,5.451111,-0.194985,20
0.349684,-0.234192,5.453837,-0.189802,20
0.366488,-0.229508,5.456383,-0.185898,20
0.371641,-0.230438,5.457282,-0.177046,20
0.382221,-0.228604,5.458149,-0.172187,20
0.394768,-0.227157,5.458172,-0.166957,20
0.405220,-0.226235,5.457490,-0.161114,20
0.415747,-0.226295,5.456532,-0.154133,20
0.427349,-0.223363,5.454312,-0.149360,20
0.438297,-0.221727,5.452425,-0.142424,20
0.449392,-0.219433,5.449282,-0.135547,20
0.460455,-0.217314,5.445704,-0.127571,20
0.471859,-0.216340,5.441494,-0.117873,20
0.482735,-0.215274,5.435433,-0.108145,20
0.494124,-0.214403,5.429597,-0.098108,20
0.504786,-0.214078,5.421709,-0.087513,20
0.515797,-0.214065,5.413572,-0.075780,20
0.527493,-0.214028,5.403311,-0.064806,20
0.537808,-0.214066,5.395535,-0.055320,20
0.549921,-0.215129,5.383669,-0.044793,20
0.560585,-0.217098,5.373317,-0.034956,20
0.571682,-0.219313,5.365070,-0.025469,20
0.581987,-0.221831,5.355590,-0.018066,20
0.594135,-0.223673,5.346809,-0.009912,20
0.605234,-0.224552,5.337861,-0.002111,20
0.615633,-0.225883,5.331296,0.004475,20
0.628199,-0.227283,5.320894,0.013197,20
0.638151,-0.226815,5.313136,0.018231,20
0.649014,-0.225232,5.304193,0.024558,20
0.660284,-0.223642,5.298024,0.029230,20
0.671230,-0.222899,5.294125,0.031768,20
0.002565,-0.222233,5.289495,0.035089,21
0.013872,-0.222397,5.286584,0.037540,21
0.025694,-0.222836,5.283531,0.041442,21
0.036253,-0.223306,5.281481,0.044722,21
0.047575,-0.223430,5.279171,0.047879,21
0.057898,-0.223687,5.277567,0.050550,21
0.069290,-0.223896,5.275950,0.052773,21
0.080482,-0.223595,5.274981,0.054181,21
0.091936,-0.223966,5.274524,0.054392,21
0.102877,-0.224637,5.274131,0.054335,21
0.113993,-0.225573,5.274285,0.054412,21
0.126089,-0.225368,5.275165,0.053940,21
0.141726,-0.225631,5.276045,0.053609,21
0.147440,-0.224928,5.276353,0.053589,21
0.158213,-0.224590,5.277298,0.053919,21
0.169001,-0.222996,5.278312,0.053212,21
0.180267,-0.221765,5.279468,0.052093,21
0.191261,-0.219628,5.280452,0.050139,21
0.202595,-0.218149,5.281874,0.047660,21
0.213736,-0.216738,5.283311,0.044845,21
0.224699,-0.215429,5.285326,0.041094,21
0.235794,-0.214627,5.286909,0.037433,21
0.247454,-0.213658,5.289246,0.032043,21
0.257349,-0.213671,5.291031,0.025625,21
0.271948,-0.213331,5.293848,0.016685,21
0.290394,-0.213111,5.297546,0.003090,21
0.295738,-0.214095,5.297915,-0.012007,21
0.302198,-0.216941,5.299123,-0.032417,21
0.311478,-0.220861,5.300294,-0.051893,21
0.322039,-0.229505,5.301032,-0.083041,21
0.333616,-0.237989,5.302688,-0.116435,21
0.344479,-0.246831,5.303424,-0.152883,21
0.356140,-0.257234,5.302693,-0.193551,21
0.366854,-0.267786,5.301270,-0.236627,21
0.377697,-0.280401,5.297935,-0.281573,21
0.389141,-0.295097,5.294045,-0.329328,21
0.405117,-0.309600,5.290775,-0.377702,21
0.410946,-0.327401,5.283071,-0.421327,21
0.421890,-0.346705,5.275661,-0.468261,21
0.433556,-0.364900,5.266739,-0.512824,21
0.445059,-0.381983,5.258369,-0.556314,21
0.456097,-0.400041,5.249317,-0.595372,21
0.466557,-0.418667,5.240181,-0.631869,21
0.478458,-0.439774,5.230087,-0.665934,21
0.495888,-0.460353,5.222184,-0.695724,21
0.500326,-0.485199,5.211704,-0.718964,21
0.511717,-0.508571,5.204021,-0.736797,21
0.522465,-0.529550,5.196882,-0.752919,21
0.533653,-0.547265,5.192075,-0.762514,21
0.544272,-0.560505,5.189334,-0.770660,21
0.555872,-0.573747,5.186835,-0.776995,21
0.573137,-0.580460,5.185619,-0.783882,21
0.578230,-0.586591,5.183846,-0.787486,21
0.589346,-0.589885,5.183884,-0.791813,21
0.600079,-0.591807,5.183819,-0.796430,21
0.610870,-0.593028,5.184214,-0.799906,21
0.621780,-0.594460,5.185636,-0.801369,21
0.633238,-0.595318,5.188007,-0.801065,21
0.650133,-0.595257,5.191279,-0.803876,21
0.655634,-0.596117,5.193033,-0.801789,21
0.666882,-0.598786,5.195404,-0.801854,21
0.679596,-0.603514,5.197308,-0.803109,21
0.689865,-0.609323,5.198420,-0.805323,21
0.700012,-0.614966,5.199809,-0.808136,21
0.712669,-0.620916,5.201240,-0.812696,21
0.723330,-0.627670,5.203059,-0.818262,21
0.739790,-0.634697,5.206000,-0.824842,21
0.746332,-0.640895,5.208141,-0.824237,21
0.756910,-0.649397,5.210098,-0.825822,21
0.768436,-0.660202,5.210546,-0.832890,21
0.780356,-0.673058,5.213689,-0.833277,21
0.790949,-0.681305,5.215999,-0.833906,21
0.802273,-0.690405,5.219549,-0.834153,21
0.813032,-0.696987,5.222560,-0.835666,21
0.824171,-0.702745,5.226737,-0.838494,21
0.835400,-0.707802,5.229284,-0.842145,21
0.846609,-0.713825,5.232375,-0.846389,21
0.857838,-0.718783,5.235260,-0.849643,21
0.868660,-0.721542,5.238229,-0.855108,21
0.880541,-0.722208,5.241795,-0.861534,21
0.897366,-0.722701,5.245843,-0.872817,21
0.901131,-0.721621,5.248490,-0.872746,21
0.913332,-0.719454,5.252614,-0.878940,21
0.924381,-0.717315,5.254674,-0.889321,21
0.934656,-0.715807,5.257083,-0.896738,21
0.946882,-0.713693,5.259141,-0.910004,21
0.957878,-0.712778,5.260919,-0.919071,21
0.968243,-0.711017,5.262674,-0.930808,21
0.980688,-0.709153,5.263912,-0.943875,21
0.991236,-0.707599,5.264977,-0.953751,21
1.001867,-0.704966,5.265862,-0.966622,21
1.013226,-0.702822,5.266511,-0.976985,21
1.024071,-0.700172,5.266811,-0.989162,21
1.035254,-0.698498,5.266248,-0.999401,21
1.046362,-0.697074,5.265364,-1.011683,21
1.057772,-0.694432,5.265249,-1.021495,21
1.068945,-0.692328,5.265106,-1.032986,21
1.079655,-0.690172,5.265104,-1.041086,21
1.090284,-0.686209,5.265121,-1.052054,21
1.101936,-0.682626,5.264179,-1.062623,21
1.114124,-0.679348,5.263198,-1.072680,21
1.123667,-0.676227,5.262108,-1.081984,21
1.135767,-0.671793,5.261142,-1.091936,21
1.147097,-0.666855,5.260352,-1.101089,21
1.157621,-0.662629,5.259675,-1.106601,21
1.167845,-0.655930,5.258361,-1.114567,21
1.180218,-0.648981,5.257369,-1.122222,21
1.190924,-0.642259,5.255083,-1.128182,21
1.201515,-0.633358,5.252944,-1.134317,21
1.213875,-0.624255,5.250523,-1.140227,21
1.223759,-0.616525,5.248284,-1.145560,21
1.234875,-0.609431,5.245743,-1.149247,21
1.246117,-0.601398,5.243211,-1.153271,21
1.257338,-0.595204,5.240535,-1.157490,21
0.008856,-0.585787,5.239201,-1.161422,22
0.020149,-0.577695,5.235592,-1.165054,22
0.030657,-0.570768,5.233077,-1.167556,22
0.041824,-0.562930,5.231111,-1.169125,22
0.053671,-0.555329,5.229800,-1.171024,22
0.063869,-0.548278,5.228702,-1.173179,22
0.075432,-0.541859,5.227054,-1.175741,22
0.087082,-0.536629,5.225204,-1.176560,22
0.097345,-0.531991,5.224423,-1.178714,22
0.108250,-0.527045,5.224102,-1.179997,22
0.120283,-0.523148,5.224133,-1.179447,22
0.131067,-0.519851,5.224896,-1.179544,22
0.141462,-0.517364,5.225544,-1.179386,22
0.153742,-0.515075,5.226934,-1.178965,22
0.164600,-0.513081,5.228563,-1.179488,22
0.175512,-0.511532,5.230284,-1.179393,22
0.186636,-0.510895,5.232243,-1.178524,22
0.197180,-0.508602,5.234572,-1.177757,22
0.208315,-0.507790,5.238531,-1.176950,22
0.219786,-0.506832,5.240634,-1.175470,22
0.230915,-0.506106,5.243090,-1.174418,22
0.241512,-0.505444,5.246270,-1.175091,22
0.253330,-0.504760,5.249018,-1.176635,22
0.263424,-0.504446,5.251678,-1.177656,22
0.275066,-0.505110,5.254635,-1.177688,22
0.287014,-0.507589,5.260293,-1.177924,22
0.297121,-0.508709,5.263287,-1.177341,22
0.308380,-0.512824,5.265376,-1.175574,22
0.320593,-0.518917,5.270239,-1.173653,22
0.330994,-0.521001,5.273781,-1.173165,22
0.341229,-0.525951,5.278249,-1.172056,22
0.353735,-0.531551,5.283579,-1.170151,22
0.363960,-0.537137,5.288423,-1.168057,22
0.375427,-0.541291,5.292022,-1.166663,22
0.386850,-0.547478,5.295968,-1.164317,22
0.397236,-0.551533,5.298666,-1.162124,22
0.408197,-0.557861,5.302144,-1.158279,22
0.419630,-0.563293,5.305689,-1.153745,22
0.430733,-0.569738,5.310761,-1.147531,22
0.441717,-0.574382,5.314260,-1.139535,22
0.453110,-0.578991,5.318210,-1.131969,22
0.463188,-0.583275,5.322278,-1.124912,22
0.475016,-0.586621,5.327088,-1.116725,22
0.487179,-0.589912,5.332391,-1.107435,22
0.497072,-0.590259,5.336416,-1.101156,22
0.508606,-0.590116,5.342968,-1.092014,22
0.520189,-0.588673,5.348985,-1.083514,22
0.530720,-0.586235,5.353040,-1.077896,22
0.541199,-0.582959,5.357193,-1.070709,22
0.553661,-0.579487,5.360200,-1.064576,22
0.564014,-0.576133,5.362770,-1.059828,22
0.574760,-0.572267,5.364382,-1.057258,22
0.587091,-0.569697,5.366621,-1.051881,22
0.596933,-0.565566,5.367692,-1.049006,22
0.608315,-0.560819,5.370697,-1.044516,22
0.620583,-0.556455,5.373908,-1.038958,22
0.631044,-0.550994,5.374574,-1.037765,22
0.641666,-0.545109,5.374824,-1.036085,22
0.653044,-0.538384,5.373630,-1.037852,22
0.663704,-0.531654,5.372068,-1.038310,22
0.674578,-0.522555,5.370584,-1.039284,22
0.686546,-0.512597,5.369168,-1.036293,22
0.697121,-0.503033,5.367779,-1.034383,22
0.708361,-0.494398,5.366069,-1.031060,22
0.720812,-0.488602,5.363290,-1.028416,22
0.737299,-0.484626,5.360579,-1.026299,22
0.741392,-0.483139,5.357624,-1.029674,22
0.753807,-0.481276,5.355532,-1.029568,22
0.763798,-0.477566,5.353732,-1.028208,22
0.775354,-0.473588,5.350194,-1.025383,22
0.787317,-0.468141,5.344190,-1.020713,22
1.220383,-0.444274,5.335421,-1.126017,22
1.230698,-0.444366,5.332755,-1.129627,22
1.242598,-0.444294,5.344612,-1.139899,22
1.259529,-0.449411,5.361744,-1.170869,22
1.263845,-0.449320,5.362559,-1.176677,22
1.275005,-0.447513,5.360710,-1.176998,22
1.286798,-0.444244,5.360374,-1.176983,22
1.297136,-0.440458,5.361405,-1.175026,22
1.308207,-0.437008,5.361428,-1.174757,22
1.320175,-0.434452,5.362107,-1.174912,22
1.330231,-0.432214,5.362123,-1.174627,22
1.341816,-0.430151,5.361934,-1.174822,22
1.354067,-0.427576,5.361558,-1.175421,22
1.363974,-0.424398,5.360398,-1.176170,22
1.380877,-0.421332,5.358253,-1.178181,22
1.386372,-0.416247,5.357876,-1.178832,22
1.397848,-0.410963,5.356624,-1.180414,22
1.408144,-0.404575,5.355548,-1.181926,22
1.420229,-0.397420,5.354802,-1.183069,22
1.430496,-0.389320,5.355104,-1.182817,22
1.441647,-0.381212,5.356496,-1.180780,22
1.458443,-0.373471,5.358747,-1.177976,22
1.463274,-0.366319,5.360955,-1.175209,22
1.474873,-0.359275,5.363423,-1.172290,22
1.486288,-0.354481,5.365890,-1.169080,22
1.497658,-0.350671,5.368185,-1.165748,22
1.507801,-0.346667,5.370622,-1.161415,22
1.519438,-0.342690,5.375213,-1.155810,22
1.529694,-0.339349,5.379653,-1.149757,22
1.546888,-0.334512,5.386556,-1.140110,22
1.552906,-0.334100,5.388742,-1.135663,22
1.563763,-0.331224,5.394012,-1.127939,22
1.574718,-0.330094,5.398609,-1.121088,22
1.586304,-0.327648,5.404167,-1.113134,22
1.597134,-0.327454,5.406672,-1.104454,22
1.607380,-0.328008,5.409742,-1.095483,22
1.619257,-0.328791,5.411379,-1.086946,22
0.010725,-0.329785,5.411942,-1.077831,23
0.021833,-0.331990,5.412460,-1.071158,23
0.033022,-0.333926,5.411511,-1.064344,23
0.043398,-0.335798,5.410634,-1.056716,23
0.055038,-0.338348,5.409854,-1.049888,23
0.065884,-0.339544,5.408998,-1.043603,23
0.077368,-0.339405,5.408325,-1.039816,23
0.094534,-0.337759,5.406047,-1.033787,23
0.101095,-0.335921,5.404619,-1.031083,23
0.110107,-0.333298,5.402740,-1.027256,23
0.121611,-0.329391,5.398427,-1.021751,23
0.133406,-0.326851,5.393097,-1.017694,23
0.143358,-0.323936,5.393292,-1.014517,23
0.154745,-0.319968,5.395736,-1.011908,23
0.166307,-0.316684,5.402470,-1.010054,23
0.177057,-0.313026,5.412168,-1.008510,23
0.187313,-0.310220,5.418345,-1.005955,23
0.200075,-0.308812,5.422743,-1.004091,23
0.210474,-0.305975,5.424759,-1.002656,23
0.220944,-0.305492,5.426243,-1.002520,23
0.233355,-0.305131,5.427555,-1.004254,23
0.243891,-0.305966,5.428058,-1.007210,23
0.254784,-0.307760,5.428371,-1.010921,23
0.265759,-0.311014,5.428547,-1.017606,23
0.276798,-0.313298,5.428454,-1.024955,23
0.287935,-0.316965,5.428800,-1.034369,23
0.299183,-0.318894,5.427741,-1.044047,23
0.310289,-0.321866,5.425079,-1.054227,23
0.321245,-0.322297,5.422021,-1.064512,23
0.332644,-0.322444,5.419566,-1.072008,23
0.343006,-0.322323,5.416917,-1.079861,23
0.354544,-0.323238,5.415042,-1.088097,23
0.365974,-0.327339,5.412049,-1.096097,23
0.376768,-0.329474,5.409622,-1.103129,23
0.387224,-0.334809,5.407290,-1.110041,23
0.399403,-0.340476,5.404837,-1.116793,23
0.418024,-0.352253,5.401298,-1.123499,23
0.423954,-0.353238,5.399866,-1.127458,23
0.433161,-0.357171,5.398142,-1.131011,23
0.442528,-0.363331,5.396646,-1.133862,23
0.453970,-0.371256,5.395144,-1.135438,23
0.464550,-0.380586,5.393308,-1.135223,23
0.476610,-0.388998,5.392052,-1.133162,23
0.487154,-0.397536,5.391352,-1.129688,23
0.497963,-0.405255,5.390944,-1.125345,23
0.509201,-0.413846,5.391060,-1.117481,23
0.520481,-0.421518,5.392420,-1.108112,23
0.531464,-0.426769,5.393353,-1.097235,23
0.547470,-0.434773,5.393337,-1.081478,23
0.553429,-0.435077,5.393902,-1.076782,23
0.004885,-0.439057,5.393791,-1.067458,24
0.017075,-0.439237,5.392733,-1.060006,24
0.027275,-0.439061,5.392364,-1.052685,24
0.038136,-0.437462,5.392199,-1.046680,24
0.049068,-0.434341,5.391623,-1.041409,24
0.060541,-0.431052,5.391864,-1.037670,24
0.071451,-0.426236,5.392079,-1.035621,24
0.082615,-0.422226,5.392068,-1.032884,24
0.093912,-0.415243,5.392367,-1.031787,24
0.110298,-0.411394,5.392338,-1.032124,24
0.115641,-0.406091,5.393488,-1.031893,24
0.126829,-0.402663,5.394550,-1.032056,24
0.138409,-0.399555,5.395355,-1.031909,24
0.149658,-0.398405,5.396184,-1.032958,24
0.160048,-0.398540,5.396547,-1.033003,24
0.171963,-0.399023,5.397055,-1.033827,24
0.182737,-0.400805,5.397572,-1.034912,24
0.201037,-0.402515,5.397816,-1.037029,24
0.207439,-0.404206,5.398787,-1.035207,24
0.224819,-0.402683,5.398873,-1.037108,24
0.229034,-0.400953,5.399988,-1.036931,24
0.237917,-0.398924,5.400454,-1.038579,24
0.249781,-0.394792,5.400599,-1.044537,24
0.260620,-0.388575,5.400634,-1.050596,24
0.271368,-0.381694,5.400635,-1.057743,24
0.282990,-0.372264,5.400728,-1.068178,24
0.294125,-0.363460,5.400029,-1.075649,24
0.305056,-0.353706,5.400322,-1.083930,24
0.316013,-0.344822,5.398526,-1.092902,24
0.327303,-0.335219,5.397356,-1.102971,24
0.337929,-0.328640,5.395502,-1.112630,24
0.349478,-0.320670,5.394869,-1.122223,24
0.360525,-0.314650,5.393740,-1.130176,24
0.371231,-0.310145,5.393001,-1.136677,24
0.390059,-0.300145,5.394238,-1.142552,24
0.394239,-0.301963,5.392586,-1.146850,24
0.404944,-0.296296,5.392830,-1.151343,24
0.415648,-0.292487,5.392603,-1.154208,24
0.427296,-0.285267,5.393287,-1.156516,24
0.438229,-0.279759,5.393878,-1.157974,24
0.449785,-0.269865,5.396771,-1.156106,24
0.460197,-0.261707,5.398479,-1.155675,24
0.471462,-0.252712,5.400637,-1.154555,24
0.483040,-0.241366,5.402012,-1.153599,24
0.493975,-0.232456,5.402056,-1.153452,24
0.505159,-0.221331,5.401889,-1.151819,24
0.516010,-0.212505,5.401656,-1.151201,24
0.527393,-0.202296,5.401376,-1.148793,24
0.537491,-0.194817,5.401627,-1.146145,24
0.549458,-0.184349,5.402074,-1.143506,24
0.560429,-0.176296,5.402552,-1.140800,24
0.571257,-0.168432,5.402715,-1.138449,24
0.587929,-0.156945,5.403280,-1.134055,24
0.593046,-0.152834,5.402799,-1.133438,24
0.605570,-0.144726,5.403516,-1.129925,24
0.615568,-0.140059,5.404446,-1.126328,24
0.007620,-0.135593,5.406385,-1.120820,25
0.019850,-0.135258,5.406965,-1.117336,25
0.030691,-0.135937,5.407365,-1.113744,25
0.040831,-0.139283,5.406871,-1.112434,25
0.058451,-0.142523,5.406658,-1.109703,25
0.063200,-0.150115,5.406333,-1.108342,25
0.074680,-0.159883,5.406410,-1.105603,25
0.085142,-0.168105,5.407231,-1.102211,25
0.096611,-0.178106,5.407842,-1.098102,25
0.107760,-0.185807,5.408538,-1.093437,25
0.118990,-0.192581,5.409241,-1.089391,25
0.129826,-0.198653,5.410055,-1.085653,25
0.141020,-0.203335,5.410659,-1.082565,25
0.151913,-0.207391,5.411151,-1.079781,25
0.169006,-0.208970,5.412837,-1.076525,25
0.173685,-0.212136,5.413530,-1.073599,25
0.185123,-0.213835,5.415246,-1.069900,25
0.195620,-0.215584,5.416985,-1.066173,25
0.207365,-0.217156,5.419755,-1.060726,25
0.218672,-0.217611,5.423087,-1.054863,25
0.229326,-0.217936,5.427000,-1.047795,25
0.241255,-0.218267,5.431165,-1.038915,25
0.252529,-0.216342,5.437296,-1.026195,25
0.263189,-0.215711,5.443571,-1.012176,25
0.273514,-0.214217,5.451167,-0.994386,25
0.285309,-0.213146,5.458810,-0.974883,25
0.296520,-0.210051,5.466724,-0.954608,25
0.307135,-0.207931,5.474441,-0.933662,25
0.320126,-0.204631,5.483001,-0.910327,25
0.329536,-0.200042,5.492296,-0.884562,25
0.341082,-0.195864,5.502744,-0.852867,25
0.352484,-0.191423,5.513350,-0.818975,25
0.362995,-0.188892,5.522951,-0.784502,25
0.374098,-0.185389,5.530717,-0.750878,25
0.385593,-0.184228,5.536423,-0.720501,25
0.396095,-0.180728,5.541298,-0.694163,25
0.407171,-0.179064,5.544223,-0.669198,25
0.418284,-0.176799,5.547421,-0.643773,25
0.434393,-0.179128,5.547751,-0.616155,25
0.440470,-0.171540,5.553260,-0.586469,25
0.451954,-0.166962,5.554423,-0.558686,25
0.463244,-0.162222,5.555758,-0.530820,25
0.474047,-0.157385,5.556522,-0.507447,25
0.485607,-0.156283,5.555310,-0.486746,25
0.495892,-0.154068,5.554657,-0.467535,25
0.507338,-0.154815,5.552979,-0.446173,25
0.518845,-0.157420,5.551908,-0.425031,25
0.529905,-0.161508,5.549459,-0.402584,25
0.541248,-0.165186,5.547380,-0.380338,25
0.551186,-0.167052,5.546131,-0.358612,25
0.562754,-0.171116,5.542004,-0.336603,25
0.579411,-0.177042,5.535811,-0.313954,25
0.584703,-0.178214,5.534986,-0.293541,25
0.596273,-0.182563,5.530599,-0.272754,25
0.607155,-0.188317,5.524456,-0.251024,25
0.618513,-0.193292,5.518860,-0.230859,25
0.628841,-0.199269,5.511812,-0.211311,25
0.640787,-0.205824,5.502621,-0.193151,25
0.652384,-0.211396,5.494497,-0.176508,25
0.663109,-0.217684,5.484651,-0.159863,25
0.673603,-0.221748,5.475704,-0.146521,25
0.685186,-0.229119,5.462558,-0.132220,25
0.702396,-0.238354,5.445106,-0.119713,25
0.707672,-0.240036,5.440857,-0.110448,25
0.719076,-0.246086,5.427681,-0.101077,25
0.729225,-0.251800,5.412344,-0.088974,25
0.740818,-0.257556,5.397712,-0.078331,25
0.751854,-0.261393,5.384460,-0.068573,25
0.763199,-0.265836,5.367763,-0.058326,25
0.773720,-0.266951,5.355797,-0.049270,25
0.784895,-0.268698,5.341032,-0.041137,25
0.796442,-0.270091,5.328203,-0.033654,25
0.806913,-0.270750,5.314054,-0.025088,25
0.818470,-0.268987,5.305229,-0.017533,25
0.015833,-0.266902,5.288929,-0.007616,26
0.020704,-0.265036,5.286230,-0.002927,26
0.032181,-0.263358,5.280451,0.001823,26
0.043043,-0.260970,5.272342,0.006303,26
0.054180,-0.259141,5.266686,0.010501,26
0.064930,-0.255912,5.260233,0.015478,26
0.076563,-0.253296,5.256471,0.019139,26
0.087301,-0.250516,5.252797,0.022327,26
0.099485,-0.246571,5.249442,0.025041,26
0.110165,-0.242971,5.246817,0.026959,26
0.120962,-0.240021,5.246050,0.026632,26
0.131588,-0.237973,5.245699,0.026363,26
0.142908,-0.236148,5.245638,0.024974,26
0.153942,-0.235175,5.246349,0.023380,26
0.164547,-0.234046,5.248255,0.022917,26
0.176008,-0.232871,5.249994,0.019989,26
0.187132,-0.231017,5.252465,0.016126,26
0.197823,-0.229759,5.254635,0.009037,26
0.209944,-0.227915,5.257704,-0.001281,26
0.220308,-0.226567,5.260268,-0.013948,26
0.231192,-0.226436,5.262287,-0.031225,26
0.242222,-0.226686,5.265059,-0.050405,26
0.260040,-0.227678,5.269677,-0.075672,26
0.264357,-0.231124,5.269300,-0.099324,26
0.276972,-0.233510,5.272721,-0.128215,26
0.286358,-0.236869,5.275293,-0.159831,26
0.298138,-0.240438,5.278181,-0.194351,26
0.309588,-0.244155,5.283074,-0.229487,26
0.320492,-0.247097,5.287054,-0.263355,26
0.331558,-0.249926,5.293263,-0.295945,26
0.343039,-0.251773,5.301033,-0.329150,26
0.353951,-0.253376,5.306544,-0.362486,26
0.364325,-0.253223,5.314971,-0.397456,26
0.382082,-0.249206,5.330010,-0.438489,26
0.386850,-0.252192,5.327952,-0.467519,26
0.398279,-0.250431,5.336081,-0.499678,26
0.409588,-0.247195,5.346197,-0.531846,26
0.420237,-0.244955,5.352121,-0.562289,26
0.431126,-0.243362,5.358320,-0.592385,26
0.442240,-0.241289,5.366584,-0.624438,26
0.453423,-0.239927,5.371618,-0.653894,26
0.464750,-0.237363,5.377875,-0.684813,26
0.475994,-0.235925,5.380710,-0.712883,26
0.493725,-0.230903,5.390818,-0.747069,26
0.497355,-0.234913,5.386802,-0.767946,26
0.509880,-0.233713,5.390743,-0.796754,26
0.519905,-0.235066,5.391333,-0.818352,26
0.531387,-0.233737,5.395963,-0.840168,26
0.542618,-0.233159,5.399054,-0.858856,26
0.553684,-0.233119,5.402078,-0.872468,26
0.564524,-0.231378,5.406190,-0.887776,26
0.575941,-0.232057,5.409515,-0.898985,26
0.586958,-0.232420,5.413192,-0.910492,26
0.597895,-0.234406,5.416530,-0.917906,26
0.609535,-0.235286,5.421180,-0.926278,26
0.620258,-0.236110,5.425563,-0.931100,26
0.631107,-0.236768,5.428988,-0.935250,26
0.642162,-0.235682,5.433993,-0.938609,26
0.653215,-0.235781,5.437489,-0.939899,26
0.664562,-0.234140,5.441391,-0.940335,26
0.675463,-0.232306,5.444077,-0.939212,26
0.692846,-0.224843,5.449729,-0.937615,26
0.697556,-0.224484,5.450133,-0.938262,26
0.709724,-0.215930,5.453251,-0.936976,26
0.719847,-0.209262,5.455293,-0.936503,26
0.730940,-0.198430,5.457142,-0.935019,26
0.742762,-0.191625,5.458367,-0.934313,26
0.753256,-0.186076,5.458840,-0.934500,26
0.764717,-0.179571,5.460074,-0.934394,26
0.775801,-0.174125,5.460577,-0.935476,26
0.787165,-0.168121,5.460721,-0.935827,26
0.797489,-0.164895,5.461223,-0.934540,26
0.809506,-0.160277,5.462577,-0.931536,26
0.820746,-0.157247,5.465348,-0.926471,26
0.836639,-0.153346,5.468380,-0.919452,26
0.842209,-0.150691,5.469767,-0.914184,26
0.853163,-0.145446,5.472314,-0.906582,26
0.004103,-0.139729,5.474360,-0.899823,27
0.015604,-0.134161,5.476098,-0.892845,27
0.027025,-0.128467,5.477501,-0.885617,27
0.038754,-0.124135,5.477988,-0.880006,27
0.049282,-0.121258,5.478120,-0.875804,27
0.059603,-0.120243,5.477556,-0.874047,27
0.077459,-0.120777,5.477186,-0.872100,27
0.082541,-0.121576,5.477097,-0.871955,27
0.093040,-0.124056,5.477386,-0.870944,27
0.104532,-0.127195,5.478850,-0.868233,27
0.116087,-0.130269,5.480370,-0.864425,27
0.126761,-0.134206,5.482196,-0.859928,27
0.137455,-0.137584,5.483710,-0.855960,27
0.149998,-0.140028,5.485475,-0.851527,27
0.159826,-0.142830,5.487500,-0.847226,27
0.171801,-0.145672,5.489139,-0.843545,27
0.189087,-0.148620,5.490749,-0.840006,27
0.193588,-0.150067,5.492815,-0.834189,27
0.204796,-0.152991,5.495356,-0.830205,27
0.215897,-0.155143,5.497807,-0.825730,27
0.227354,-0.157107,5.500226,-0.820722,27
0.237814,-0.158302,5.501809,-0.815984,27
0.249514,-0.162923,5.502835,-0.812631,27
0.259518,-0.166555,5.504392,-0.810239,27
0.271351,-0.172269,5.505805,-0.808359,27
0.282673,-0.179055,5.507829,-0.807367,27
0.293520,-0.186222,5.509055,-0.806113,27
0.304499,-0.194757,5.509866,-0.805969,27
0.315901,-0.201964,5.509118,-0.806827,27
0.327076,-0.210212,5.506559,-0.807779,27
0.337208,-0.218246,5.503919,-0.808129,27
0.349037,-0.228607,5.499852,-0.811153,27
0.360327,-0.240303,5.495629,-0.811210,27
0.370598,-0.251285,5.493363,-0.808589,27
0.382793,-0.264585,5.489976,-0.805241,27
0.394007,-0.276770,5.488367,-0.798296,27
0.404059,-0.290439,5.486217,-0.789859,27
0.415356,-0.303654,5.484686,-0.780405,27
0.426878,-0.317377,5.482297,-0.770105,27
0.437569,-0.330003,5.481123,-0.758465,27
0.448637,-0.343078,5.478813,-0.746891,27
0.459894,-0.357510,5.476398,-0.734629,27
0.471121,-0.369454,5.473524,-0.719974,27
0.482296,-0.385251,5.470074,-0.707807,27
0.492436,-0.400282,5.466858,-0.696694,27
0.504898,-0.413189,5.459634,-0.689529,27
0.516199,-0.425163,5.454351,-0.684771,27
0.526466,-0.435538,5.448342,-0.681646,27
0.537821,-0.440514,5.442489,-0.680093,27
0.549189,-0.443578,5.436622,-0.677400,27
0.560036,-0.444522,5.431645,-0.676951,27
0.570963,-0.444614,5.427758,-0.676256,27
0.583031,-0.443690,5.422958,-0.676680,27
0.593201,-0.445345,5.419021,-0.677309,27
0.613194,-0.449543,5.410793,-0.675336,27
0.617849,-0.451585,5.409540,-0.674147,27
0.626244,-0.454817,5.406641,-0.672271,27
0.636578,-0.459028,5.404041,-0.668288,27
0.648171,-0.464602,5.400664,-0.661549,27
0.658882,-0.470152,5.397862,-0.657428,27
0.669872,-0.477299,5.394935,-0.651893,27
0.682041,-0.485829,5.391464,-0.646750,27
0.697714,-0.496925,5.387520,-0.640939,27
0.702774,-0.506501,5.385854,-0.636134,27
0.714987,-0.515603,5.383527,-0.631555,27
0.725782,-0.522854,5.381648,-0.627416,27
0.736960,-0.528834,5.380327,-0.624326,27
0.750944,-0.533956,5.378865,-0.623684,27
0.766468,-0.540638,5.378050,-0.622198,27
0.776983,-0.540998,5.377868,-0.624743,27
0.792503,-0.545742,5.377289,-0.628770,27
0.808580,-0.547547,5.377625,-0.635190,27
0.814148,-0.546662,5.378453,-0.637652,27
0.825872,-0.543872,5.379435,-0.645633,27
0.836742,-0.540412,5.381171,-0.653783,27
0.848030,-0.536113,5.383923,-0.662378,27
0.859266,-0.532010,5.386517,-0.671549,27
0.870066,-0.526265,5.389641,-0.683425,27
0.881109,-0.521373,5.391867,-0.693290,27
0.891970,-0.515885,5.394006,-0.704239,27
0.902956,-0.509648,5.396309,-0.717005,27
0.914700,-0.504001,5.397403,-0.730016,27
0.926092,-0.497869,5.399545,-0.742108,27
0.936579,-0.494933,5.400419,-0.751535,27
0.947767,-0.490780,5.401991,-0.763810,27
0.959190,-0.488239,5.403388,-0.772966,27
0.969267,-0.485352,5.403649,-0.784278,27
0.981247,-0.482060,5.403692,-0.797171,27
0.992706,-0.479312,5.402677,-0.808146,27
1.009037,-0.471601,5.398914,-0.826010,27
1.014351,-0.472028,5.397170,-0.832882,27
1.025789,-0.467602,5.393167,-0.845546,27
1.036949,-0.461563,5.389587,-0.857354,27
1.048145,-0.453826,5.384675,-0.870391,27
1.059343,-0.446133,5.379993,-0.879676,27
1.070507,-0.436297,5.374846,-0.890750,27
1.081879,-0.428297,5.369621,-0.900679,27
1.093418,-0.422260,5.364285,-0.910091,27
1.104288,-0.417560,5.359093,-0.919538,27
1.115576,-0.413331,5.354303,-0.927808,27
1.126472,-0.407399,5.349188,-0.936845,27
1.137690,-0.402451,5.345539,-0.943354,27
0.009609,-0.397093,5.340812,-0.950586,28
0.020250,-0.392807,5.338400,-0.954486,28
0.030163,-0.389512,5.336512,-0.957628,28
0.041988,-0.385329,5.333638,-0.962160,28
0.053551,-0.380647,5.332272,-0.965619,28
0.063448,-0.377100,5.331284,-0.968079,28
0.075748,-0.372883,5.330732,-0.971670,28
0.086670,-0.370612,5.329938,-0.972284,28
0.097193,-0.367860,5.329780,-0.973348,28
0.108904,-0.365794,5.329097,-0.974840,28
0.119927,-0.362871,5.329764,-0.975242,28
0.131121,-0.362071,5.330762,-0.975684,28
0.141945,-0.360982,5.331730,-0.976070,28
0.153395,-0.359339,5.332441,-0.976804,28
0.163967,-0.358044,5.333754,-0.977175,28
0.178391,-0.355979,5.335383,-0.976876,28
0.188675,-0.352827,5.337694,-0.977612,28
0.200316,-0.350601,5.339643,-0.974846,28
0.216877,-0.349033,5.342294,-0.972915,28
0.221510,-0.344819,5.344611,-0.970414,28
0.230333,-0.340344,5.347689,-0.967231,28
0.241755,-0.336514,5.352543,-0.962899,28
0.253286,-0.332878,5.358367,-0.957496,28
0.263741,-0.328526,5.364794,-0.949009,28
0.275414,-0.322702,5.373886,-0.939293,28
0.286091,-0.320731,5.381093,-0.925024,28
0.297260,-0.317285,5.388856,-0.911091,28
0.308727,-0.317516,5.397652,-0.893530,28
0.319485,-0.314180,5.406089,-0.876171,28
0.330467,-0.312854,5.414525,-0.857041,28
0.341087,-0.308683,5.423079,-0.837545,28
0.352627,-0.302555,5.431400,-0.817156,28
0.363644,-0.298241,5.439412,-0.796380,28
0.374798,-0.290661,5.446374,-0.778600,28
0.385527,-0.284633,5.452834,-0.757774,28
0.396740,-0.278334,5.457948,-0.738572,28
0.408447,-0.271768,5.463194,-0.715810,28
0.419146,-0.264123,5.467522,-0.695182,28
0.430428,-0.258351,5.471558,-0.670049,28
0.442308,-0.250999,5.475041,-0.642777,28
0.453178,-0.242366,5.478529,-0.615453,28
0.463589,-0.235356,5.481498,-0.584797,28
0.475054,-0.232000,5.483396,-0.552938,28
0.486147,-0.229604,5.484018,-0.519955,28
0.496492,-0.231601,5.483909,-0.489691,28
0.508368,-0.234386,5.480471,-0.457512,28
0.519360,-0.236377,5.478414,-0.429136,28
0.530047,-0.239050,5.472921,-0.401319,28
0.541037,-0.239876,5.466791,-0.375121,28
0.552782,-0.239708,5.460235,-0.353364,28
0.571013,-0.234862,5.446508,-0.323664,28
0.576710,-0.233290,5.444100,-0.313394,28
0.586096,-0.230823,5.437322,-0.297292,28
0.597071,-0.227245,5.428699,-0.282006,28
0.608707,-0.223204,5.418639,-0.267551,28
0.619749,-0.221847,5.411690,-0.257836,28
0.630552,-0.218836,5.402349,-0.247211,28
0.641588,-0.216565,5.394011,-0.237307,28
0.652943,-0.216222,5.387670,-0.230606,28
0.664158,-0.215658,5.378661,-0.221824,28
0.674858,-0.214890,5.372840,-0.215088,28
0.006170,-0.213871,5.367250,-0.209673,29
0.023142,-0.208567,5.357567,-0.201808,29
0.028505,-0.208190,5.354150,-0.201356,29
0.039967,-0.206647,5.349452,-0.199740,29
0.050480,-0.205027,5.344862,-0.199442,29
0.061827,-0.201772,5.340191,-0.199425,29
0.072672,-0.199634,5.336768,-0.200998,29
0.083519,-0.197003,5.333629,-0.203243,29
0.095171,-0.193014,5.331606,-0.206846,29
0.106098,-0.189275,5.330247,-0.209960,29
0.116945,-0.186627,5.330263,-0.213677,29
0.127770,-0.184312,5.330612,-0.217522,29
0.139042,-0.182599,5.331029,-0.221545,29
0.150078,-0.182520,5.331997,-0.227293,29
0.161518,-0.182602,5.333734,-0.233255,29
0.172361,-0.183330,5.335729,-0.239131,29
0.183579,-0.185500,5.338389,-0.246926,29
0.195543,-0.187611,5.340074,-0.255019,29
0.206450,-0.192110,5.341676,-0.264524,29
0.216547,-0.196033,5.342319,-0.274634,29
0.228165,-0.202676,5.343879,-0.287122,29
0.239355,-0.209053,5.344501,-0.300730,29
0.250080,-0.218738,5.345990,-0.317758,29
0.261873,-0.229794,5.348330,-0.336596,29
0.272457,-0.239612,5.348457,-0.356064,29
0.283938,-0.252193,5.349960,-0.375950,29
0.294378,-0.262916,5.350229,-0.395832,29
0.305582,-0.275403,5.351454,-0.415947,29
0.317091,-0.286584,5.352805,-0.434759,29
0.328312,-0.296928,5.356723,-0.454080,29
0.338932,-0.305847,5.358718,-0.471898,29
0.350311,-0.315831,5.361658,-0.490656,29
0.361588,-0.325781,5.364759,-0.510155,29
0.372564,-0.333785,5.367159,-0.527698,29
0.383211,-0.343846,5.370901,-0.546486,29
0.405426,-0.360963,5.381109,-0.569177,29
0.410214,-0.364563,5.379817,-0.583334,29
0.416847,-0.368843,5.380345,-0.598112,29
0.424980,-0.374752,5.382416,-0.615540,29
0.437294,-0.380441,5.386018,-0.633253,29
0.446955,-0.387519,5.390944,-0.650086,29
0.458345,-0.394365,5.394107,-0.666870,29
0.470430,-0.403156,5.399345,-0.683892,29
0.480547,-0.411112,5.402676,-0.698290,29
0.491577,-0.419441,5.405244,-0.711112,29
0.502724,-0.429962,5.409016,-0.725914,29
0.513783,-0.437991,5.411934,-0.737151,29
0.524843,-0.446309,5.415260,-0.749451,29
0.536310,-0.452530,5.418158,-0.759499,29
0.547316,-0.457816,5.421968,-0.769296,29
0.558308,-0.462156,5.424740,-0.777047,29
0.569563,-0.467150,5.428536,-0.785324,29
0.585461,-0.474018,5.434084,-0.794161,29
0.591602,-0.474559,5.434898,-0.798827,29
0.603357,-0.478067,5.439352,-0.805156,29
0.613819,-0.479302,5.442247,-0.808354,29
0.624775,-0.481464,5.446467,-0.809944,29
0.636688,-0.483951,5.450505,-0.809953,29
0.647425,-0.487643,5.455070,-0.809483,29
0.657946,-0.493580,5.458798,-0.806128,29
0.675909,-0.505271,5.464438,-0.803116,29
0.680372,-0.512227,5.465391,-0.801121,29
0.691486,-0.519679,5.467565,-0.798806,29
0.702759,-0.526873,5.470716,-0.796494,29
0.713724,-0.531826,5.474113,-0.792350,29
0.724785,-0.537667,5.476692,-0.785178,29
0.736862,-0.542132,5.478674,-0.778241,29
0.747688,-0.546194,5.480399,-0.770800,29
0.764420,-0.549832,5.481793,-0.764809,29
0.769831,-0.551454,5.482519,-0.762533,29
0.000761,-0.552883,5.482099,-0.758672,30
0.012136,-0.554312,5.482283,-0.757148,30
0.024387,-0.555391,5.481884,-0.753042,30
0.035013,-0.555656,5.479039,-0.749120,30
0.045431,-0.554911,5.468637,-0.740293,30
0.057789,-0.552572,5.450987,-0.732531,30
0.068987,-0.548702,5.429160,-0.727333,30
0.079750,-0.547609,5.422352,-0.727593,30
0.097996,-0.545838,5.420410,-0.726543,30
0.108582,-0.544923,5.419526,-0.727664,30
0.114288,-0.543105,5.418971,-0.730185,30
0.122440,-0.541605,5.418342,-0.731614,30
0.132660,-0.538557,5.418036,-0.731817,30
0.144056,-0.536839,5.417849,-0.731355,30
0.154865,-0.535092,5.417502,-0.731200,30
0.166420,-0.532985,5.417899,-0.728896,30
0.177145,-0.531453,5.418060,-0.727877,30
0.188156,-0.532146,5.419024,-0.725049,30
0.199110,-0.532419,5.420048,-0.721966,30
0.210484,-0.533511,5.420702,-0.720438,30
0.221724,-0.534082,5.421320,-0.719562,30
0.232590,-0.535139,5.422196,-0.718493,30
0.243698,-0.534951,5.423813,-0.718133,30
0.255343,-0.534704,5.425201,-0.718671,30
0.266415,-0.531084,5.428078,-0.720381,30
0.276861,-0.527307,5.431167,-0.721848,30
0.288509,-0.522206,5.437828,-0.725623,30
0.299618,-0.516848,5.446749,-0.729425,30
0.311369,-0.514937,5.466060,-0.738473,30
0.321636,-0.513366,5.484313,-0.748824,30
0.332798,-0.511442,5.495609,-0.761461,30
0.343851,-0.507438,5.500308,-0.771172,30
0.354704,-0.500012,5.500009,-0.776734,30
0.366373,-0.491259,5.498359,-0.781996,30
0.377047,-0.483559,5.498493,-0.782645,30
0.388897,-0.477215,5.495866,-0.783491,30
0.398851,-0.471398,5.495458,-0.784799,30
0.410561,-0.466425,5.494352,-0.787959,30
0.421778,-0.461688,5.493646,-0.790596,30
0.432644,-0.457119,5.493320,-0.793079,30
0.443829,-0.451717,5.493595,-0.795162,30
0.455048,-0.446846,5.494160,-0.796066,30
0.465746,-0.441934,5.494351,-0.798615,30
0.477100,-0.438343,5.493392,-0.801470,30
0.489100,-0.433094,5.493510,-0.807645,30
0.500307,-0.429068,5.492710,-0.812421,30
0.511253,-0.424781,5.492498,-0.816091,30
0.523478,-0.419019,5.492817,-0.818495,30
0.534174,-0.414227,5.493590,-0.818540,30
0.545216,-0.407772,5.494970,-0.819071,30
0.557562,-0.400386,5.496256,-0.819684,30
0.568413,-0.392308,5.498100,-0.819508,30
0.585363,-0.381208,5.500803,-0.819986,30
0.591402,-0.373344,5.502357,-0.819919,30
0.601936,-0.363441,5.505002,-0.819333,30
0.613663,-0.353559,5.508004,-0.817548,30
0.625891,-0.342159,5.511078,-0.815838,30
0.635904,-0.332287,5.512584,-0.815107,30
0.646948,-0.321609,5.512595,-0.817445,30
0.658697,-0.311803,5.512033,-0.821106,30
0.669802,-0.300892,5.510833,-0.825865,30
0.681063,-0.290987,5.509975,-0.828924,30
0.692295,-0.282466,5.509260,-0.830740,30
0.702337,-0.274083,5.508834,-0.829361,30
0.719658,-0.262375,5.508604,-0.824726,30
0.725502,-0.256974,5.507683,-0.824897,30
0.737076,-0.250879,5.507118,-0.823596,30
0.007284,-0.245784,5.506120,-0.822026,31
0.018995,-0.240315,5.506419,-0.820438,31
0.029987,-0.234545,5.506487,-0.818894,31
0.041185,-0.230236,5.507055,-0.816688,31
0.052219,-0.225933,5.507546,-0.814144,31
0.062742,-0.220814,5.508029,-0.810621,31
0.074875,-0.215453,5.509005,-0.806801,31
0.085108,-0.208291,5.509837,-0.803242,31
0.096407,-0.199820,5.511100,-0.799091,31
0.108053,-0.192958,5.512073,-0.794357,31
0.118776,-0.185247,5.513423,-0.789192,31
0.130358,-0.178163,5.515050,-0.784204,31
0.140652,-0.171119,5.517125,-0.779222,31
0.152014,-0.164704,5.519750,-0.773105,31
0.162054,-0.159984,5.521671,-0.768143,31
0.179504,-0.156989,5.523784,-0.762964,31
0.185160,-0.151264,5.526539,-0.756550,31
0.195927,-0.146813,5.529105,-0.749807,31
0.207701,-0.143983,5.532401,-0.743487,31
0.218411,-0.139497,5.536633,-0.734083,31
0.229485,-0.134069,5.539433,-0.724216,31
0.240469,-0.129832,5.543208,-0.715207,31
0.252012,-0.123559,5.547956,-0.703441,31
0.262480,-0.118152,5.552061,-0.692218,31
0.274050,-0.113685,5.556376,-0.682349,31
0.285351,-0.111388,5.560179,-0.673550,31
0.296101,-0.107251,5.563684,-0.661530,31
0.307106,-0.104635,5.564933,-0.650367,31
0.317934,-0.101323,5.567945,-0.635637,31
0.329216,-0.098461,5.570412,-0.617245,31
0.340605,-0.095919,5.573544,-0.596360,31
0.351896,-0.092430,5.576949,-0.572781,31
0.362595,-0.090163,5.579521,-0.546365,31
0.376595,-0.089950,5.580779,-0.522360,31
0.391682,-0.094040,5.579408,-0.499720,31
0.397038,-0.091079,5.581328,-0.479892,31
0.413170,-0.097104,5.576542,-0.460529,31
0.418106,-0.094277,5.578280,-0.439722,31
0.430100,-0.097540,5.575683,-0.416767,31
0.440201,-0.101566,5.572552,-0.393905,31
0.451531,-0.105978,5.570091,-0.370771,31
0.462631,-0.112420,5.564721,-0.349170,31
0.473431,-0.117519,5.560772,-0.328455,31
0.485066,-0.125280,5.554144,-0.307050,31
0.496105,-0.131223,5.549286,-0.286480,31
0.506767,-0.139669,5.542461,-0.263957,31
0.517857,-0.146537,5.536574,-0.242893,31
0.529175,-0.153332,5.528609,-0.221230,31
0.546497,-0.165413,5.524755,-0.186400,31
0.552513,-0.162766,5.525877,-0.169665,31
0.562935,-0.171950,5.513980,-0.156342,31
0.573864,-0.174995,5.504766,-0.138384,31
0.586327,-0.179973,5.490351,-0.119047,31
0.595718,-0.182652,5.482287,-0.104870,31
0.607861,-0.188100,5.469493,-0.090926,31
0.618538,-0.192143,5.461564,-0.079299,31
0.629162,-0.197149,5.450536,-0.068252,31
0.640472,-0.201923,5.439546,-0.057675,31
0.652313,-0.205309,5.430368,-0.047241,31
0.662975,-0.208516,5.421605,-0.036903,31
0.680000,-0.211798,5.408767,-0.024649,31
0.684975,-0.210406,5.403655,-0.017719,31
0.696720,-0.211051,5.393759,-0.009843,31
0.707260,-0.212270,5.383758,-0.002095,31
0.718567,-0.213969,5.374561,0.004372,31
0.729397,-0.216020,5.363730,0.011856,31
0.740742,-0.217413,5.351371,0.021068,31
0.751659,-0.219220,5.340296,0.029341,31
0.763310,-0.219974,5.327476,0.037547,31
0.774395,-0.218182,5.318293,0.041950,31
0.005363,-0.218567,5.309742,0.046773,32
0.015499,-0.217374,5.303306,0.048885,32
0.033115,-0.215883,5.289446,0.055611,32
0.039097,-0.213786,5.286399,0.055623,32
0.049046,-0.211575,5.280306,0.056374,32
0.061363,-0.209316,5.273023,0.058082,32
0.071857,-0.205834,5.268806,0.057983,32
0.082970,-0.203358,5.264421,0.057930,32
0.093803,-0.201448,5.260892,0.057500,32
0.105419,-0.199463,5.256751,0.056848,32
0.116657,-0.198294,5.254328,0.055676,32
0.127041,-0.196983,5.252388,0.054295,32
0.138935,-0.196227,5.250977,0.052016,32
0.149334,-0.194587,5.250028,0.049238,32
0.160713,-0.193568,5.249837,0.045058,32
0.171017,-0.192194,5.249775,0.039591,32
0.182789,-0.190686,5.250080,0.030393,32
0.193646,-0.188877,5.250554,0.019928,32
0.210163,-0.185461,5.252470,0.004173,32
0.215401,-0.181603,5.252814,-0.009262,32
0.227116,-0.175005,5.254745,-0.026606,32
0.238628,-0.168434,5.256646,-0.043772,32
0.248604,-0.162011,5.259268,-0.060631,32
0.260155,-0.155175,5.262156,-0.077381,32
0.271847,-0.149147,5.264841,-0.092333,32
0.282799,-0.144468,5.268742,-0.106320,32
0.293297,-0.140525,5.272539,-0.119146,32
0.305054,-0.137974,5.278044,-0.132437,32
0.316238,-0.136708,5.283644,-0.144015,32
0.326565,-0.137397,5.290303,-0.155417,32
0.339088,-0.137585,5.298294,-0.166345,32
0.349339,-0.141013,5.307763,-0.175072,32
0.360531,-0.145483,5.316662,-0.182096,32
0.372974,-0.150330,5.326394,-0.187239,32
0.382286,-0.154173,5.335932,-0.191101,32
0.393597,-0.157974,5.345221,-0.193090,32
0.404446,-0.160684,5.357714,-0.197522,32
0.416039,-0.164199,5.368421,-0.198860,32
0.427303,-0.166209,5.380632,-0.199627,32
0.438374,-0.168341,5.389734,-0.199657,32
0.449535,-0.170515,5.401499,-0.199708,32
0.460060,-0.172990,5.411885,-0.199654,32
0.471695,-0.176241,5.420392,-0.199099,32
0.482208,-0.179995,5.429686,-0.198944,32
0.493938,-0.182759,5.438141,-0.198833,32
0.505123,-0.186438,5.447411,-0.200041,32
0.515739,-0.188470,5.453289,-0.200246,32
0.526291,-0.189824,5.460597,-0.201077,32
0.538372,-0.191522,5.466158,-0.200447,32
0.549004,-0.193096,5.471237,-0.198782,32
0.559876,-0.195266,5.475681,-0.196121,32
0.572079,-0.198520,5.481484,-0.193052,32
0.582222,-0.201713,5.485215,-0.188930,32
0.593796,-0.203870,5.488661,-0.184463,32
0.604527,-0.207496,5.492427,-0.179304,32
0.615643,-0.210587,5.494978,-0.174224,32
0.626877,-0.213829,5.497506,-0.166223,32
0.638481,-0.218070,5.498664,-0.158719,32
0.008839,-0.222198,5.500144,-0.151339,33
0.020206,-0.225612,5.499726,-0.144110,33
0.032108,-0.228638,5.499650,-0.137378,33
0.042000,-0.232086,5.499791,-0.130847,33
0.053810,-0.234728,5.499522,-0.124853,33
0.064121,-0.238081,5.498960,-0.118776,33
0.075520,-0.241219,5.497128,-0.114871,33
0.086452,-0.245207,5.495776,-0.109378,33
0.098328,-0.248808,5.494636,-0.105015,33
0.109810,-0.251464,5.493365,-0.099880,33
0.119957,-0.253304,5.492485,-0.096167,33
0.137573,-0.256689,5.490051,-0.091334,33
0.141777,-0.257992,5.489703,-0.088111,33
0.153412,-0.259877,5.488478,-0.083431,33
0.164887,-0.262728,5.486826,-0.078406,33
0.175526,-0.265081,5.485619,-0.073410,33
0.186733,-0.267349,5.483967,-0.068126,33
0.198025,-0.269316,5.482910,-0.063396,33
0.209011,-0.270740,5.481835,-0.059653,33
0.220047,-0.271743,5.481590,-0.057639,33
0.232361,-0.271908,5.481534,-0.055360,33
0.241772,-0.271999,5.481641,-0.054261,33
0.253361,-0.272327,5.481285,-0.054263,33
0.265732,-0.272447,5.481894,-0.056314,33
0.275234,-0.272157,5.482810,-0.057827,33
0.286659,-0.271619,5.484152,-0.061980,33
0.298115,-0.270366,5.485795,-0.067351,33
0.308884,-0.269805,5.487552,-0.074226,33
0.319580,-0.268639,5.489038,-0.080417,33
0.331585,-0.268380,5.490725,-0.088819,33
0.342415,-0.267020,5.491344,-0.095295,33
0.353001,-0.265862,5.491659,-0.102094,33
0.364796,-0.265460,5.492710,-0.109699,33
0.375324,-0.266246,5.492965,-0.115878,33
0.391769,-0.268422,5.492763,-0.125551,33
0.397999,-0.272039,5.492358,-0.127759,33
0.409149,-0.278511,5.491452,-0.132999,33
0.420952,-0.287540,5.490148,-0.136729,33
0.432804,-0.297997,5.488304,-0.139445,33
0.442127,-0.310385,5.486372,-0.140386,33
0.453045,-0.324067,5.484397,-0.141312,33
0.465294,-0.339425,5.481209,-0.144553,33
0.475380,-0.353353,5.478650,-0.145453,33
0.486401,-0.370116,5.474748,-0.149807,33
0.498432,-0.385223,5.470813,-0.153729,33
0.515034,-0.404223,5.465640,-0.161643,33
0.520042,-0.417320,5.462572,-0.163902,33
0.531845,-0.432012,5.458075,-0.168507,33
0.542206,-0.447661,5.453255,-0.173188,33
0.553158,-0.462417,5.448585,-0.177087,33
0.565113,-0.480421,5.441950,-0.183740,33
0.582260,-0.501203,5.433762,-0.192942,33
0.586147,-0.514728,5.430714,-0.193684,33
0.597675,-0.532149,5.423778,-0.199973,33
0.608654,-0.548434,5.416382,-0.206315,33
0.619827,-0.564387,5.410557,-0.212306,33
0.636334,-0.582553,5.401310,-0.223394,33
0.641743,-0.594328,5.397644,-0.227468,33
0.653484,-0.607748,5.392480,-0.234678,33
0.665150,-0.620465,5.386750,-0.242678,33
0.675167,-0.631600,5.382195,-0.247792,33
0.691864,-0.646897,5.374781,-0.254275,33
0.697601,-0.656802,5.371975,-0.255251,33
0.708836,-0.669447,5.366725,-0.258240,33
0.719025,-0.680052,5.362749,-0.259679,33
0.731499,-0.691324,5.357860,-0.262129,33
0.748474,-0.702455,5.353330,-0.266547,33
0.752949,-0.707661,5.352468,-0.265305,33
0.765003,-0.715222,5.349867,-0.266133,33
0.775082,-0.720737,5.348592,-0.264698,33
0.786205,-0.726799,5.347054,-0.263140,33
0.802528,-0.734044,5.344698,-0.262591,33
0.808388,-0.737688,5.344645,-0.258966,33
0.819649,-0.744538,5.343155,-0.256248,33
0.831093,-0.752546,5.340949,-0.253430,33
0.841400,-0.760303,5.338980,-0.250236,33
0.859142,-0.769343,5.335928,-0.247753,33
0.864479,-0.776533,5.334606,-0.242340,33
0.875008,-0.785058,5.332644,-0.236489,33
0.006378,-0.795455,5.329705,-0.229930,34
0.019276,-0.805265,5.326554,-0.224428,34
0.033306,-0.814623,5.322612,-0.219783,34
0.043674,-0.821664,5.320272,-0.215103,34
0.051773,-0.827959,5.318706,-0.210912,34
0.059822,-0.834218,5.317452,-0.206707,34
0.071255,-0.841716,5.316085,-0.202560,34
0.081551,-0.849092,5.314512,-0.200603,34
0.098530,-0.855815,5.313738,-0.198428,34
0.104004,-0.861672,5.312949,-0.197016,34
0.115883,-0.867898,5.312447,-0.196041,34
0.126152,-0.875002,5.312250,-0.194558,34
0.137592,-0.882896,5.311827,-0.193800,34
0.148483,-0.890683,5.311961,-0.192153,34
0.159451,-0.898676,5.311674,-0.188405,34
0.170986,-0.905487,5.312551,-0.182927,34
0.188221,-0.911698,5.314511,-0.175348,34
0.194042,-0.917748,5.314796,-0.168127,34
0.204281,-0.923957,5.315867,-0.161017,34
0.218422,-0.928477,5.318668,-0.152481,34
0.233349,-0.929129,5.324671,-0.144178,34
0.238945,-0.933451,5.325526,-0.133496,34
0.248619,-0.933401,5.330338,-0.121920,34
0.259491,-0.931485,5.336294,-0.109034,34
0.270611,-0.925938,5.343735,-0.093999,34
0.287277,-0.914443,5.354464,-0.077609,34
0.292244,-0.913852,5.357495,-0.064121,34
0.303932,-0.907747,5.365261,-0.047726,34
0.315437,-0.900635,5.371255,-0.032463,34
0.326191,-0.891586,5.378287,-0.015000,34
0.337368,-0.881350,5.384589,0.000927,34
0.359577,-0.856495,5.393799,0.041669,34
0.370739,-0.851719,5.407666,0.051982,34
